Date,Team,Pitcher,Open,Close,OpenOU,CloseOU
320,SEA,MGONZALES-L,107,120,8.5,8.5
320,OAK,MFIERS-R,-127,-130,8.5,8.5
321,SEA,YKIKUCHI-L,109,-125,9,9
321,OAK,MESTRADA-R,-129,115,9,9
328,NYM,JDEGROM-R,110,115,6.5,6.5
328,WAS,MSCHERZER-R,-121,-125,6.5,6.5
328,STL,MMIKOLAS-R,104,104,8.5,8.5
328,MIL,JCHACIN-R,-114,-114,8.5,8.5
328,ATL,JTEHERAN-R,170,170,7.5,8
328,PHI,ANOLA-R,-190,-185,7.5,8
328,PIT,JTAILLON-R,105,107,8,8.5
328,CIN,LCASTILLO-R,-115,-117,8,8.5
328,ARI,ZGREINKE-R,144,155,7.5,7
328,LAD,HRYU-L,-160,-165,7.5,7
328,SFO,MBUMGARNER-L,-114,117,8,7.5
328,SDG,ELAUER-L,104,-127,8,7.5
328,COL,KFREELAND-L,-145,-135,7.5,7.5
328,MIA,JURENA-R,131,125,7.5,7.5
328,BAL,ACASHNER-R,296,320,9,9
328,NYY,MTANAKA-R,-340,-380,9,9
328,DET,JZIMMERMANN-R,126,132,9,8.5
328,TOR,MSTROMAN-R,-140,-142,9,8.5
328,HOU,JVERLANDER-R,-121,-128,6.5,7
328,TAM,BSNELL-L,110,118,6.5,7
328,LAA,TCAHILL-R,110,-108,9,8.5
328,OAK,MFIERS-R,-121,-102,9,8.5
328,CLE,CKLUBER-R,-135,107,7.5,7.5
328,MIN,JBERRIOS-R,122,-117,7.5,7.5
328,CWS,CRODON-L,104,106,8.5,8.5
328,KAN,BKELLER-R,-114,-116,8.5,8.5
328,BOS,CSALE-L,-185,-210,7,7
328,SEA,MGONZALES-L,166,190,7,7
328,CUB,JLESTER-L,-135,-115,9.5,9.5
328,TEX,MMINOR-L,122,105,9.5,9.5
329,COL,GMARQUEZ-R,-155,-152,7.5,7
329,MIA,TRICHARDS-R,135,142,7.5,7
329,STL,JFLAHERTY-R,106,-108,8.5,8.5
329,MIL,FPERALTA-R,-126,-102,8.5,8.5
329,SFO,DHOLLAND-L,130,145,7.5,7.5
329,SDG,JLUCCHESI-L,-150,-155,7.5,7.5
329,ARI,RRAY-L,144,160,7.5,7
329,LAD,RSTRIPLING-R,-165,-170,7.5,7
329,DET,MBOYD-L,115,111,9,9
329,TOR,MSHOEMAKER-R,-135,-121,9,9
329,HOU,GCOLE-R,-145,-138,7,7
329,TAM,CMORTON-R,125,128,7,7
329,LAA,MHARVEY-R,101,-109,8,8.5
329,OAK,MESTRADA-R,-121,-101,8,8.5
329,BOS,NEOVALDI-R,-150,-139,8,8
329,SEA,YKIKUCHI-L,130,129,8,8
330,NYM,NSYNDERGAARD-R,110,102,7,7.5
330,WAS,SSTRASBURG-R,-130,-112,7,7.5
330,ATL,BWILSON-R,125,135,8.5,9
330,PHI,NPIVETTA-R,-145,-145,8.5,9
330,COL,TANDERSON-L,-145,-128,8,7.5
330,MIA,PLOPEZ-R,125,118,8,7.5
330,STL,DHUDSON-R,105,122,8.5,9
330,MIL,BWOODRUFF-R,-125,-132,8.5,9
330,SFO,DRODRIGUEZ-R,105,120,7.5,7.5
330,SDG,NMARGEVICIUS-L,-125,-130,7.5,7.5
330,ARI,ZGODLEY-R,151,177,7.5,7.5
330,LAD,KMAEDA-R,-175,-194,7.5,7.5
330,BAL,NKARNS-R,299,340,8.5,8.5
330,NYY,JPAXTON-L,-375,-410,8.5,8.5
330,CLE,TBAUER-R,-110,-120,8,7
330,MIN,JODORIZZI-R,-110,110,8,7
330,CWS,RLOPEZ-R,-105,120,8.5,7.5
330,KAN,JJUNIS-R,-115,-130,8.5,7.5
330,DET,STURNBULL-R,120,116,9,8.5
330,TOR,ASANCHEZ-R,-140,-126,9,8.5
330,HOU,CMCHUGH-R,-130,-118,7.5,8
330,TAM,TGLASNOW-R,110,108,7.5,8
330,LAA,FPENA-R,105,109,8.5,8.5
330,OAK,BANDERSON-L,-125,-119,8.5,8.5
330,BOS,ERODRIGUEZ-L,-150,-158,8.5,8.5
330,SEA,MLEAKE-R,130,148,8.5,8.5
330,CUB,YDARVISH-R,-150,-155,9.5,9.5
330,TEX,EVOLQUEZ-R,130,145,9.5,9.5
331,PIT,JMUSGROVE-R,120,125,8.5,8
331,CIN,SGRAY-R,-140,-135,8.5,8
331,COL,JGRAY-R,-150,-158,7.5,7.5
331,MIA,SALCANTARA-R,130,148,7.5,7.5
331,NYM,ZWHEELER-R,110,155,7.5,7
331,WAS,PCORBIN-L,-130,-165,7.5,7
331,STL,MWACHA-R,100,100,8,9
331,MIL,CBURNES-R,-120,-110,8,9
331,ARI,LWEAVER-R,192,177,7.5,7.5
331,LAD,WBUEHLER-R,-230,-194,7.5,7.5
331,SFO,JSAMARDZIJA-R,125,162,8,7.5
331,SDG,CPADDACK-R,-145,-174,8,7.5
331,ATL,KWRIGHT-R,130,130,8.5,8
331,PHI,JARRIETA-R,-150,-140,8.5,8
331,BAL,DBUNDY-R,281,280,9,8.5
331,NYY,JHAPP-L,-350,-320,9,8.5
331,DET,MMOORE-L,115,142,9,9
331,TOR,TTHORNTON-R,-135,-152,9,9
331,HOU,WMILEY-L,-119,-113,8,8.5
331,TAM,YCHIRINOS-R,-101,103,8,8.5
331,CLE,CCARRASCO-R,-115,-110,7,7
331,MIN,MPINEDA-R,-105,100,7,7
331,CWS,LGIOLITO-R,-105,117,9,8
331,KAN,JLOPEZ-R,-115,-127,9,8
331,LAA,TSKAGGS-L,-110,114,9,8.5
331,OAK,FMONTAS-R,-110,-124,9,8.5
331,BOS,RPORCELLO-R,-150,-136,9,8
331,SEA,WLEBLANC-L,130,126,9,8
331,CUB,CHAMELS-L,-155,-130,9.5,8.5
331,TEX,LLYNN-R,135,120,9.5,8.5
401,STL,AWAINWRIGHT-R,110,116,8,7.5
401,PIT,CARCHER-R,-130,-126,8,7.5
401,MIL,ZDAVIES-R,105,-109,8.5,8.5
401,CIN,TROARK-R,-125,-101,8.5,8.5
401,CUB,KHENDRICKS-R,-115,100,8.5,8
401,ATL,SNEWCOMB-L,-105,-110,8.5,8
401,NYM,SMATZ-L,-150,-125,8,7.5
401,MIA,CSMITH-L,130,115,8,7.5
401,SFO,DPOMERANZ-L,172,185,8,7.5
401,LAD,JURIAS-L,-205,-205,8,7.5
401,ARI,MKELLY-R,140,155,7.5,7.5
401,SDG,MSTRAHM-L,-160,-165,7.5,7.5
401,CWS,INOVA-R,148,150,7.5,7.5
401,CLE,MCLEVINGER-R,-170,-160,7.5,7.5
401,DET,TROSS-R,176,190,9,8.5
401,NYY,DGERMAN-R,-210,-210,9,8.5
401,BAL,DHESS-R,144,163,9,9
401,TOR,SREID-FOLEY-R,-165,-176,9,9
401,HOU,BPEACOCK-R,-165,-165,9.5,9.5
401,TEX,DSMYLY-L,144,155,9.5,9.5
401,BOS,DPRICE-L,-140,-140,8,9
401,OAK,ABROOKS-R,120,130,8,9
401,LAA,CSTRATTON-R,-110,-103,8.5,9
401,SEA,FHERNANDEZ-R,-110,-107,8.5,9
401,COL,CBETTIS-R,118,135,9,8.5
401,TAM,RSTANEK-R,-138,-145,9,8.5
402,MIL,JCHACIN-R,-121,-110,8.5,9
402,CIN,ADESCLAFANI-R,101,100,8.5,9
402,PHI,ZEFLIN-R,173,165,7,7
402,WAS,MSCHERZER-R,-206,-180,7,7
402,NYM,JVARGAS-L,-126,-136,8,8
402,MIA,JURENA-R,106,126,8,8
402,ARI,ZGREINKE-R,-111,106,7,7.5
402,SDG,ELAUER-L,-109,-116,7,7.5
402,SFO,MBUMGARNER-L,152,146,7,7
402,LAD,HRYU-L,-176,-156,7,7
402,DET,JZIMMERMANN-R,208,205,8,7.5
402,NYY,MTANAKA-R,-251,-230,8,7.5
402,BAL,ACASHNER-R,177,162,8.5,8.5
402,TOR,MSTROMAN-R,-211,-174,8.5,8.5
402,HOU,JVERLANDER-R,-221,-220,9,9
402,TEX,SMILLER-R,184,200,9,9
402,MIN,JBERRIOS-R,-141,-145,7.5,7
402,KAN,BKELLER-R,121,135,7.5,7
402,BOS,CSALE-L,-171,-170,7,8
402,OAK,MFIERS-R,148,160,7,8
402,LAA,TCAHILL-R,101,100,8.5,8.5
402,SEA,MGONZALES-L,-121,-110,8.5,8.5
402,COL,KFREELAND-L,131,160,7,7
402,TAM,BSNELL-L,-151,-170,7,7
403,MIL,FPERALTA-R,-109,118,8.5,8.5
403,CIN,LCASTILLO-R,-111,-128,8.5,8.5
403,PHI,ANOLA-R,-130,-135,7.5,8
403,WAS,ASANCHEZ-R,110,125,7.5,8
403,ARI,RRAY-L,115,132,7.5,7
403,SDG,JLUCCHESI-L,-135,-142,7.5,7
403,NYM,JDEGROM-R,-215,-210,7,6.5
403,MIA,TRICHARDS-R,180,190,7,6.5
403,STL,MMIKOLAS-R,-110,-104,7.5,7.5
403,PIT,JTAILLON-R,-110,-106,7.5,7.5
403,CUB,JLESTER-L,-115,120,8.5,9
403,ATL,JTEHERAN-R,-105,-130,8.5,9
403,SFO,DHOLLAND-L,180,175,7.5,7
403,LAD,RSTRIPLING-R,-215,-190,7.5,7
403,CWS,CRODON-L,166,170,7,6.5
403,CLE,CKLUBER-R,-195,-185,7,6.5
403,MIN,KGIBSON-R,-145,-130,8.5,8.5
403,KAN,HBAILEY-R,125,120,8.5,8.5
403,DET,MBOYD-L,163,163,8.5,9.5
403,NYY,JLOAISIGA-R,-190,-176,8.5,9.5
403,BAL,NKARNS-R,144,140,9,8.5
403,TOR,MSHOEMAKER-R,-165,-150,9,8.5
403,HOU,GCOLE-R,-165,-210,9,9
403,TEX,MMINOR-L,144,190,9,9
403,BOS,NEOVALDI-R,-130,-140,8.5,8.5
403,OAK,MESTRADA-R,110,130,8.5,8.5
403,COL,GMARQUEZ-R,112,114,7,6.5
403,TAM,CMORTON-R,-132,-124,7,6.5
404,WAS,SSTRASBURG-R,115,120,6.5,6.5
404,NYM,NSYNDERGAARD-R,-135,-130,6.5,6.5
404,CIN,TMAHLE-R,105,-110,7.5,8
404,PIT,JLYLES-R,-125,100,7.5,8
404,CUB,YDARVISH-R,100,112,9,9
404,ATL,MFRIED-L,-120,-122,9,9
404,KAN,JJUNIS-R,-110,-109,7.5,7.5
404,DET,STURNBULL-R,-110,-101,7.5,7.5
404,NYY,JPAXTON-L,-200,-215,8,7.5
404,BAL,ACOBB-R,170,195,8,7.5
404,BOS,ERODRIGUEZ-L,-120,-118,8.5,8
404,OAK,BANDERSON-L,100,108,8.5,8
404,TOR,ASANCHEZ-R,144,180,7,6.5
404,CLE,TBAUER-R,-165,-200,7,6.5
404,TEX,EVOLQUEZ-R,130,150,8,9
404,LAA,MHARVEY-R,-150,-160,8,9
405,LAD,KMAEDA-R,-130,-130,10.5,11
405,COL,TANDERSON-L,110,120,10.5,11
405,CIN,SGRAY-R,105,126,8,8
405,PIT,JMUSGROVE-R,-125,-136,8,8
405,MIA,PLOPEZ-R,151,150,8.5,8
405,ATL,KGAUSMAN-R,-175,-160,8.5,8
405,CUB,JQUINTANA-L,120,115,8.5,8.5
405,MIL,BWOODRUFF-R,-140,-125,8.5,8.5
405,TOR,TTHORNTON-R,120,130,7,7.5
405,CLE,SBIEBER-R,-140,-140,7,7.5
405,OAK,FMONTAS-R,144,145,8.5,8.5
405,HOU,CMCHUGH-R,-165,-155,8.5,8.5
405,TEX,LLYNN-R,115,107,8.5,8.5
405,LAA,FPENA-R,-135,-117,8.5,8.5
405,TAM,TGLASNOW-R,-135,-113,7,7
405,SFO,DRODRIGUEZ-R,115,103,7,7
405,MIN,JODORIZZI-R,115,146,8,8
405,PHI,NPIVETTA-R,-135,-156,8,8
405,BOS,RPORCELLO-R,-130,-127,9,9
405,ARI,ZGODLEY-R,110,117,9,9
405,SEA,YKIKUCHI-L,-130,-125,7.5,8.5
405,CWS,RLOPEZ-R,110,115,7.5,8.5
405,SDG,NMARGEVICIUS-L,125,163,7.5,8
405,STL,JFLAHERTY-R,-145,-176,7.5,8
406,WAS,PCORBIN-L,-110,-128,7,7
406,NYM,SMATZ-L,-110,118,7,7
406,CIN,TROARK-R,115,101,7,8
406,PIT,TWILLIAMS-R,-135,-111,7,8
406,SDG,CPADDACK-R,120,110,7.5,7.5
406,STL,MWACHA-R,-140,-120,7.5,7.5
406,CUB,CHAMELS-L,100,119,8.5,8.5
406,MIL,CBURNES-R,-120,-129,8.5,8.5
406,MIA,SALCANTARA-R,144,161,8,8.5
406,ATL,KWRIGHT-R,-165,-172,8,8.5
406,LAD,WBUEHLER-R,-145,-116,10,10
406,COL,JGRAY-R,125,106,10,10
406,KAN,JLOPEZ-R,105,112,8.5,9
406,DET,MMOORE-L,-125,-122,8.5,9
406,SEA,MLEAKE-R,-120,-105,8.5,9
406,CWS,LGIOLITO-R,100,-105,8.5,9
406,TEX,DSMYLY-L,105,150,8.5,8.5
406,LAA,TSKAGGS-L,-125,-160,8.5,8.5
406,TOR,TPANNONE-L,148,177,7,8
406,CLE,CCARRASCO-R,-170,-194,7,8
406,NYY,JHAPP-L,-195,-180,8.5,8.5
406,BAL,DBUNDY-R,166,165,8.5,8.5
406,OAK,ABROOKS-R,144,125,8.5,9.5
406,HOU,WMILEY-L,-165,-135,8.5,9.5
406,MIN,MPINEDA-R,136,138,8,8.5
406,PHI,JARRIETA-R,-156,-148,8,8.5
406,TAM,RSTANEK-R,-137,-132,7,7.5
406,SFO,JSAMARDZIJA-R,124,122,7,7.5
406,BOS,DPRICE-L,-151,-132,9,9
406,ARI,LWEAVER-R,131,122,9,9
407,WAS,MSCHERZER-R,-140,-128,6.5,6.5
407,NYM,ZWHEELER-R,120,118,6.5,6.5
407,MIA,CSMITH-L,155,160,8.5,8.5
407,ATL,SNEWCOMB-L,-180,-170,8.5,8.5
407,CIN,ADESCLAFANI-R,130,140,7.5,7.5
407,PIT,CARCHER-R,-150,-150,7.5,7.5
407,CUB,KHENDRICKS-R,105,-104,9,9
407,MIL,ZDAVIES-R,-125,-106,9,9
407,SDG,MSTRAHM-L,110,110,8.5,9
407,STL,AWAINWRIGHT-R,-130,-120,8.5,9
407,LAD,JURIAS-L,-140,-170,11,11.5
407,COL,CBETTIS-R,120,160,11,11.5
407,NYY,DGERMAN-R,-175,-185,9,9
407,BAL,DHESS-R,151,170,9,9
407,TOR,MSTROMAN-R,130,150,7,7.5
407,CLE,MCLEVINGER-R,-150,-160,7,7.5
407,KAN,BKELLER-R,-105,-106,8.5,9
407,DET,TROSS-R,-115,-104,8.5,9
407,OAK,MFIERS-R,140,165,9,9
407,HOU,BPEACOCK-R,-160,-180,9,9
407,SEA,WLEBLANC-L,-110,106,9,9
407,CWS,INOVA-R,-110,-116,9,9
407,TEX,SMILLER-R,115,107,9,9.5
407,LAA,CSTRATTON-R,-135,-117,9,9.5
407,MIN,JBERRIOS-R,110,124,8.5,8.5
407,PHI,ZEFLIN-R,-130,-134,8.5,8.5
407,TAM,YCHIRINOS-R,-130,-115,7.5,7
407,SFO,DPOMERANZ-L,110,105,7.5,7
407,BOS,Undecided,-115,-106,9.5,9.5
407,ARI,MKELLY-R,-105,-104,9.5,9.5
408,PIT,JTAILLON-R,117,120,8,8.5
408,CUB,JLESTER-L,-129,-130,8,8.5
408,WAS,ASANCHEZ-R,120,135,9,9.5
408,PHI,VVELASQUEZ-R,-140,-145,9,9.5
408,LAD,HRYU-L,-130,-103,8.5,8
408,STL,MMIKOLAS-R,110,-107,8.5,8
408,ATL,JTEHERAN-R,125,100,10,10.5
408,COL,KFREELAND-L,-145,-110,10,10.5
408,SDG,ELAUER-L,115,120,7,7
408,SFO,MBUMGARNER-L,-135,-130,7,7
408,TAM,BSNELL-L,-150,-168,7.5,7.5
408,CWS,CRODON-L,130,158,7.5,7.5
408,OAK,MESTRADA-R,-150,-162,9,10
408,BAL,ACASHNER-R,130,152,9,10
408,NYY,MTANAKA-R,140,138,7.5,7.5
408,HOU,JVERLANDER-R,-160,-148,7.5,7.5
408,SEA,FHERNANDEZ-R,-140,-110,9,10
408,KAN,HBAILEY-R,120,100,9,10
408,MIL,JCHACIN-R,-120,-106,8.5,9
408,LAA,TCAHILL-R,100,-104,8.5,9
409,MIA,JURENA-R,140,170,8,8.5
409,CIN,LCASTILLO-R,-160,-185,8,8.5
409,WAS,SSTRASBURG-R,120,133,7,8
409,PHI,ANOLA-R,-140,-143,7,8
409,LAD,RSTRIPLING-R,-130,-120,8.5,8.5
409,STL,DHUDSON-R,110,110,8.5,8.5
409,ATL,MFRIED-L,105,-102,10.5,10.5
409,COL,GMARQUEZ-R,-125,-108,10.5,10.5
409,SDG,JLUCCHESI-L,-125,-132,7.5,7.5
409,SFO,DHOLLAND-L,105,122,7.5,7.5
409,CLE,CKLUBER-R,-160,-135,7,8
409,DET,JZIMMERMANN-R,140,125,7,8
409,TOR,MSHOEMAKER-R,199,225,7.5,8
409,BOS,CSALE-L,-240,-255,7.5,8
409,TAM,CMORTON-R,-145,-170,8,8.5
409,CWS,ESANTANA-R,125,160,8,8.5
409,OAK,BANDERSON-L,-145,-180,9,9.5
409,BAL,JMEANS-L,125,165,9,9.5
409,NYY,JLOAISIGA-R,151,178,8.5,8
409,HOU,GCOLE-R,-175,-196,8.5,8
409,SEA,MGONZALES-L,-130,100,9,9
409,KAN,JJUNIS-R,110,-110,9,9
409,MIN,KGIBSON-R,184,230,6.5,6.5
409,NYM,JDEGROM-R,-220,-260,6.5,6.5
409,TEX,MMINOR-L,120,135,8.5,8.5
409,ARI,ZGREINKE-R,-140,-145,8.5,8.5
409,MIL,FPERALTA-R,-120,-138,8.5,8.5
409,LAA,MHARVEY-R,100,128,8.5,8.5
410,SDG,NMARGEVICIUS-L,-110,-105,7.5,8
410,SFO,DRODRIGUEZ-R,-110,-105,7.5,8
410,MIA,TRICHARDS-R,130,145,8.5,9
410,CIN,TMAHLE-R,-150,-155,8.5,9
410,WAS,JHELLICKSON-R,128,147,9,9
410,PHI,NPIVETTA-R,-148,-157,9,9
410,LAD,KMAEDA-R,-107,-105,8.5,8
410,STL,JFLAHERTY-R,-113,-105,8.5,8
410,PIT,JLYLES-R,135,157,7,7.5
410,CUB,YDARVISH-R,-155,-167,7,7.5
410,CLE,TBAUER-R,-151,-145,7.5,7
410,DET,MBOYD-L,131,135,7.5,7
410,TAM,TGLASNOW-R,-140,-170,8.5,8.5
410,CWS,RLOPEZ-R,120,160,8.5,8.5
410,OAK,FMONTAS-R,-137,-180,9.5,9.5
410,BAL,DSTRAILY-R,117,165,9.5,9.5
410,NYY,JPAXTON-L,110,110,8,8
410,HOU,CMCHUGH-R,-130,-120,8,8
410,SEA,YKIKUCHI-L,-125,-155,9,9.5
410,KAN,HFILLMYER-R,105,145,9,9.5
410,MIN,JODORIZZI-R,180,175,7,7
410,NYM,NSYNDERGAARD-R,-215,-190,7,7
410,TEX,LLYNN-R,127,120,8.5,8
410,ARI,RRAY-L,-147,-130,8.5,8
410,MIL,BWOODRUFF-R,-115,-170,8.5,8
410,LAA,FPENA-R,-105,160,8.5,8
411,MIA,PLOPEZ-R,148,157,8.5,8.5
411,CIN,SGRAY-R,-170,-167,8.5,8.5
411,LAD,WBUEHLER-R,-140,-134,8,8.5
411,STL,MWACHA-R,120,124,8,8.5
411,NYM,SMATZ-L,110,122,8.5,9
411,ATL,KGAUSMAN-R,-130,-132,8.5,9
411,PIT,JMUSGROVE-R,120,116,10.5,9
411,CUB,JQUINTANA-L,-140,-126,10.5,9
411,SDG,PAVILA-R,117,108,9,9
411,ARI,ZGODLEY-R,-137,-118,9,9
411,COL,JGRAY-R,-125,-111,7.5,7.5
411,SFO,JSAMARDZIJA-R,105,101,7.5,7.5
411,OAK,ABROOKS-R,-160,-150,9.5,8.5
411,BAL,DBUNDY-R,140,140,9.5,8.5
411,CLE,SBIEBER-R,-140,-135,8,7.5
411,DET,STURNBULL-R,120,125,8,7.5
411,SEA,MLEAKE-R,-140,-144,9.5,10
411,KAN,JLOPEZ-R,120,134,9.5,10
411,TOR,ASANCHEZ-R,155,165,9,9
411,BOS,NEOVALDI-R,-180,-180,9,9
412,PIT,TWILLIAMS-R,140,175,8,8
412,WAS,PCORBIN-L,-160,-190,8,8
412,PHI,JARRIETA-R,-170,-158,7.5,8.5
412,MIA,SALCANTARA-R,148,148,7.5,8.5
412,NYM,ZWHEELER-R,100,100,9,9.5
412,ATL,KWRIGHT-R,-120,-110,9,9.5
412,SDG,CPADDACK-R,-120,-120,8.5,8
412,ARI,LWEAVER-R,100,110,8.5,8
412,MIL,CBURNES-R,140,145,8,8.5
412,LAD,JURIAS-L,-160,-155,8,8.5
412,COL,CBETTIS-R,105,130,7.5,7.5
412,SFO,DPOMERANZ-L,-125,-140,7.5,7.5
412,CWS,LGIOLITO-R,195,185,9,9.5
412,NYY,JHAPP-L,-235,-205,9,9.5
412,TAM,RSTANEK-R,-130,-145,8.5,8.5
412,TOR,TTHORNTON-R,110,135,8.5,8.5
412,BAL,DHESS-R,207,220,9.5,10
412,BOS,ERODRIGUEZ-L,-250,-250,9.5,10
412,OAK,MFIERS-R,-119,-115,10,11
412,TEX,DSMYLY-L,-101,105,10,11
412,CLE,CCARRASCO-R,-140,-158,8,7.5
412,KAN,BKELLER-R,120,148,8,7.5
412,HOU,WMILEY-L,-135,-140,9,9
412,SEA,WLEBLANC-L,115,130,9,9
412,LAA,TSKAGGS-L,135,156,10.5,10.5
412,CUB,CHAMELS-L,-155,-166,10.5,10.5
413,PIT,CARCHER-R,NL,109,8.5,9
413,WAS,ASANCHEZ-R,NL,-119,8.5,9
413,COL,KFREELAND-L,105,103,7,7
413,SFO,MBUMGARNER-L,-125,-113,7,7
413,PHI,ZEFLIN-R,-170,-165,8,7.5
413,MIA,CSMITH-L,148,155,8,7.5
413,STL,AWAINWRIGHT-R,-140,-111,9,11
413,CIN,TROARK-R,120,101,9,11
413,NYM,JVARGAS-L,115,140,9,10
413,ATL,SNEWCOMB-L,-135,-150,9,10
413,SDG,MSTRAHM-L,100,100,9,9
413,ARI,MKELLY-R,-120,-110,9,9
413,MIL,ZDAVIES-R,103,137,8.5,9
413,LAD,CFERGUSON-L,-123,-147,8.5,9
413,CWS,INOVA-R,160,145,9,10
413,NYY,CSABATHIA-L,-185,-155,9,10
413,BAL,ACASHNER-R,199,240,9.5,11
413,BOS,RPORCELLO-R,-240,-270,9.5,11
413,DET,TROSS-R,151,180,7.5,8
413,MIN,MPINEDA-R,-175,-200,7.5,8
413,TAM,BSNELL-L,-165,-200,7.5,8
413,TOR,CBUCHHOLZ-R,144,180,7.5,8
413,CLE,JRODRIGUEZ-R,-135,-106,9,9
413,KAN,HBAILEY-R,115,-104,9,9
413,HOU,JVERLANDER-R,-170,-188,8.5,8.5
413,SEA,FHERNANDEZ-R,148,173,8.5,8.5
413,LAA,CSTRATTON-R,144,185,9,9
413,CUB,KHENDRICKS-R,-165,-205,9,9
414,PHI,VVELASQUEZ-R,-170,-150,8.5,8.5
414,MIA,JURENA-R,148,140,8.5,8.5
414,PIT,JTAILLON-R,160,165,7,8
414,WAS,MSCHERZER-R,-185,-180,7,8
414,STL,MMIKOLAS-R,-125,-120,10.5,10
414,CIN,ADESCLAFANI-R,105,110,10.5,10
414,COL,GMARQUEZ-R,-125,-108,7,7
414,SFO,DHOLLAND-L,105,-102,7,7
414,SDG,ELAUER-L,110,125,8.5,8
414,ARI,ZGREINKE-R,-130,-135,8.5,8
414,MIL,JCHACIN-R,115,130,8.5,9
414,LAD,RSTRIPLING-R,-135,-140,8.5,9
414,NYM,JDEGROM-R,-155,-150,8,8.5
414,ATL,JTEHERAN-R,135,140,8,8.5
414,CWS,CRODON-L,160,180,8.5,9
414,NYY,MTANAKA-R,-185,-200,8.5,9
414,BAL,JMEANS-L,218,230,10.5,9.5
414,BOS,DPRICE-L,-265,-260,10.5,9.5
414,TAM,CMORTON-R,-140,-128,8,8
414,TOR,MSTROMAN-R,120,118,8,8
414,DET,JZIMMERMANN-R,166,210,8,8
414,MIN,JBERRIOS-R,-195,-240,8,8
414,CLE,CKLUBER-R,-150,-130,7.5,7.5
414,KAN,JJUNIS-R,130,120,7.5,7.5
414,OAK,BANDERSON-L,-140,-145,11,10
414,TEX,ASAMPSON-R,120,135,11,10
414,HOU,GCOLE-R,-150,-185,8.5,7.5
414,SEA,MGONZALES-L,130,170,8.5,7.5
415,NYM,NSYNDERGAARD-R,100,103,7.5,7.5
415,PHI,ANOLA-R,-120,-113,7.5,7.5
415,CUB,YDARVISH-R,-130,-135,8.5,8
415,MIA,TRICHARDS-R,110,125,8.5,8
415,STL,DHUDSON-R,110,125,9,9.5
415,MIL,FPERALTA-R,-130,-135,9,9.5
415,CIN,LCASTILLO-R,155,170,7,7.5
415,LAD,CKERSHAW-L,-180,-185,7,7.5
415,COL,ASENZATELA-R,140,150,7,7.5
415,SDG,JLUCCHESI-L,-160,-160,7,7.5
415,BAL,DSTRAILY-R,211,230,10.5,11
415,BOS,HVELAZQUEZ-R,-255,-260,10.5,11
415,TOR,MSHOEMAKER-R,110,110,8.5,8.5
415,MIN,MPEREZ-L,-130,-120,8.5,8.5
415,LAA,TCAHILL-R,-125,-122,10.5,10.5
415,TEX,SMILLER-R,105,112,10.5,10.5
415,KAN,HFILLMYER-R,110,106,9,9.5
415,CWS,ESANTANA-R,-130,-116,9,9.5
415,CLE,TBAUER-R,-110,-113,7.5,7
415,SEA,YKIKUCHI-L,-110,103,7.5,7
416,NYM,SMATZ-L,-110,105,9,9
416,PHI,NPIVETTA-R,-110,-115,9,9
416,SFO,DRODRIGUEZ-R,166,162,7.5,8
416,WAS,SSTRASBURG-R,-195,-174,7.5,8
416,CUB,JQUINTANA-L,-150,-130,8,8
416,MIA,PLOPEZ-R,130,120,8,8
416,ARI,RRAY-L,135,125,8,8.5
416,ATL,MFRIED-L,-155,-135,8,8.5
416,STL,JFLAHERTY-R,105,111,9,9
416,MIL,BWOODRUFF-R,-125,-121,9,9
416,COL,JGRAY-R,130,-103,7,7.5
416,SDG,NMARGEVICIUS-L,-150,-107,7,7.5
416,CIN,TMAHLE-R,144,158,8.5,8.5
416,LAD,KMAEDA-R,-165,-168,8.5,8.5
416,BOS,CSALE-L,-110,-103,8.5,8.5
416,NYY,JPAXTON-L,-110,-107,8.5,8.5
416,BAL,DBUNDY-R,215,215,8,8
416,TAM,TGLASNOW-R,-260,-245,8,8
416,TOR,ASANCHEZ-R,120,140,8,9
416,MIN,KGIBSON-R,-140,-150,8,9
416,LAA,JBARRIA-R,104,105,10.5,10
416,TEX,MMINOR-L,-124,-115,10.5,10
416,KAN,JLOPEZ-R,-110,110,9,9
416,CWS,RLOPEZ-R,-110,-120,9,9
416,HOU,CMCHUGH-R,-145,-148,8.5,9
416,OAK,MESTRADA-R,125,138,8.5,9
416,CLE,SBIEBER-R,105,-125,8,8
416,SEA,MLEAKE-R,-125,115,8,8
416,PIT,JMUSGROVE-R,-130,102,8,7.5
416,DET,MBOYD-L,110,-112,8,7.5
417,NYM,ZWHEELER-R,113,100,9,8.5
417,PHI,JARRIETA-R,-133,-110,9,8.5
417,STL,MWACHA-R,107,120,9,10
417,MIL,CBURNES-R,-127,-130,9,10
417,CIN,SGRAY-R,160,160,8,8
417,LAD,WBUEHLER-R,-185,-170,8,8
417,SFO,JSAMARDZIJA-R,125,135,9,8.5
417,WAS,JHELLICKSON-R,-145,-145,9,8.5
417,CUB,CHAMELS-L,-168,-165,8,8
417,MIA,SALCANTARA-R,146,155,8,8
417,ARI,ZGODLEY-R,133,155,9,9
417,ATL,KGAUSMAN-R,-153,-165,9,9
417,KAN,BKELLER-R,-106,-115,9.5,8.5
417,CWS,LGIOLITO-R,-114,105,9.5,8.5
417,BOS,NEOVALDI-R,103,104,9.5,9
417,NYY,JHAPP-L,-123,-114,9.5,9
417,CLE,CCARRASCO-R,-140,-128,8.5,7.5
417,SEA,ESwanson-R,120,118,8.5,7.5
417,BAL,DHESS-R,211,220,8.5,8
417,TAM,RSTANEK-R,-255,-250,8.5,8
417,TOR,TTHORNTON-R,125,150,9,8.5
417,MIN,JODORIZZI-R,-145,-160,9,8.5
417,LAA,MHARVEY-R,102,115,11,10.5
417,TEX,LLYNN-R,-122,-125,11,10.5
417,HOU,WMILEY-L,-122,-101,9,8.5
417,OAK,FMONTAS-R,102,-109,9,8.5
417,PIT,TWILLIAMS-R,-116,-108,8,8.5
417,DET,STURNBULL-R,-104,-102,8,8.5
418,ARI,LWEAVER-R,110,158,9,8.5
418,ATL,MSOROKA-R,-130,-168,9,8.5
418,SFO,DPOMERANZ-L,180,177,8,7.5
418,WAS,PCORBIN-L,-215,-194,8,7.5
418,LAD,JURIAS-L,-110,-108,9.5,9.5
418,MIL,ZDAVIES-R,-110,-102,9.5,9.5
418,PHI,ZEFLIN-R,-115,108,10.5,10.5
418,COL,KFREELAND-L,-105,-118,10.5,10.5
418,CIN,TROARK-R,120,160,7.5,7.5
418,SDG,CPADDACK-R,-140,-170,7.5,7.5
418,CWS,INOVA-R,103,-105,8.5,8.5
418,DET,TROSS-R,-123,-105,8.5,8.5
418,TOR,CBUCHHOLZ-R,144,161,8,8
418,MIN,MPINEDA-R,-165,-172,8,8
418,KAN,HBAILEY-R,170,180,9,9
418,NYY,DGERMAN-R,-200,-200,9,9
418,BAL,ACASHNER-R,NL,220,8.5,8.5
418,TAM,HWOOD-R,NL,-250,8.5,8.5
418,SEA,FHERNANDEZ-R,-101,110,9,10
418,LAA,CSTRATTON-R,-119,-120,9,10
419,ARI,MKELLY-R,135,154,7,7
419,CUB,KHENDRICKS-R,-155,-164,7,7
419,SFO,MBUMGARNER-L,100,-115,7,7
419,PIT,JLYLES-R,-120,105,7,7
419,WAS,ASANCHEZ-R,-140,-123,8.5,7.5
419,MIA,CSMITH-L,120,113,8.5,7.5
419,LAD,RSTRIPLING-R,-115,-114,9.5,9.5
419,MIL,JCHACIN-R,-105,104,9.5,9.5
419,NYM,JVARGAS-L,130,139,9.5,9
419,STL,AWAINWRIGHT-R,-150,-149,9.5,9
419,PHI,VVELASQUEZ-R,-110,138,10,10.5
419,COL,GMARQUEZ-R,-110,-148,10,10.5
419,CIN,ADESCLAFANI-R,120,118,7.5,8
419,SDG,MSTRAHM-L,-140,-128,7.5,8
419,KAN,JJUNIS-R,188,150,9,8.5
419,NYY,CSABATHIA-L,-225,-160,9,8.5
419,CWS,CRODON-L,-115,-104,7.5,8.5
419,DET,JZIMMERMANN-R,-105,-106,7.5,8.5
419,BOS,ERODRIGUEZ-L,-107,-112,8.5,8.5
419,TAM,RSTANEK-R,-113,102,8.5,8.5
419,HOU,JVERLANDER-R,-195,-220,9,9.5
419,TEX,DSMYLY-L,166,200,9,9.5
419,SEA,MGONZALES-L,-105,110,9,9
419,LAA,FPENA-R,-115,-120,9,9
419,TOR,MSTROMAN-R,120,122,8,8
419,OAK,ABROOKS-R,-140,-132,8,8
420,NYM,CFLEXEN-R,-140,134,8,9
420,STL,MMIKOLAS-R,120,-144,8,9
420,ARI,ZGREINKE-R,115,123,7,7
420,CUB,YDARVISH-R,-135,-133,7,7
420,SFO,DHOLLAND-L,140,122,7.5,7
420,PIT,JTAILLON-R,-160,-132,7.5,7
420,WAS,MSCHERZER-R,-225,-255,7,7
420,MIA,JURENA-R,188,225,7,7
420,LAD,HRYU-L,-125,-123,9.5,9
420,MIL,UNDECIDED,105,113,9.5,9
420,PHI,ANOLA-R,-125,-142,8.5,9
420,COL,ASENZATELA-R,105,132,8.5,9
420,CIN,LCASTILLO-R,-120,-104,7.5,7
420,SDG,ELAUER-L,100,-106,7.5,7
420,KAN,HFILLMYER-R,192,220,8.5,8.5
420,NYY,MTANAKA-R,-230,-250,8.5,8.5
420,TOR,MSHOEMAKER-R,120,137,9,8
420,OAK,MFIERS-R,-140,-147,9,8
420,BOS,RPORCELLO-R,130,128,8.5,8.5
420,TAM,CMORTON-R,-150,-138,8.5,8.5
420,MIN,MPEREZ-L,-140,-138,9.5,10
420,BAL,ACOBB-R,120,128,9.5,10
420,HOU,GCOLE-R,-230,-255,9.5,10
420,TEX,ASAMPSON-R,192,225,9.5,10
420,SEA,YKIKUCHI-L,-110,106,9,8.5
420,LAA,TCAHILL-R,-110,-116,9,8.5
420,ATL,JTEHERAN-R,NL,124,7.5,8.5
420,CLE,CKLUBER-R,NL,-134,7.5,8.5
420,ATL,UNDECIDED,133,150,7.5,8
420,CLE,TBAUER-R,-153,-160,7.5,8
420,MIN,JBERRIOS-R,-215,-200,9.5,9
420,BAL,DSTRAILY-R,180,180,9.5,9
421,WAS,SSTRASBURG-R,-175,-160,7.5,7
421,MIA,TRICHARDS-R,151,150,7.5,7
421,SFO,DRODRIGUEZ-R,140,132,7,7
421,PIT,CARCHER-R,-160,-142,7,7
421,LAD,CKERSHAW-L,-150,-129,9,8.5
421,MIL,BWOODRUFF-R,130,119,9,8.5
421,NYM,NSYNDERGAARD-R,-120,-132,8.5,9
421,STL,DHUDSON-R,100,122,8.5,9
421,ARI,RRAY-L,-110,-103,9,9.5
421,CUB,TCHATWOOD-R,-110,-107,9,9.5
421,PHI,JEICKHOFF-R,120,132,10.5,10.5
421,COL,JGRAY-R,-140,-142,10.5,10.5
421,CIN,TMAHLE-R,120,152,7.5,7.5
421,SDG,JLUCCHESI-L,-140,-162,7.5,7.5
421,MIN,KGIBSON-R,-150,-150,10,9
421,BAL,DBUNDY-R,130,140,10,9
421,KAN,JLOPEZ-R,199,180,8.5,7.5
421,NYY,JPAXTON-L,-240,-200,8.5,7.5
421,CWS,RLOPEZ-R,115,100,9.5,9
421,DET,DNORRIS-L,-135,-110,9.5,9
421,BOS,DPRICE-L,110,100,7.5,8
421,TAM,TGLASNOW-R,-130,-110,7.5,8
421,HOU,CMCHUGH-R,-215,-185,10,10.5
421,TEX,SMILLER-R,180,170,10,10.5
421,TOR,ASANCHEZ-R,140,140,8.5,8
421,OAK,BANDERSON-L,-160,-150,8.5,8
421,SEA,MLEAKE-R,-110,109,9.5,9.5
421,LAA,HROBLES-R,-110,-119,9.5,9.5
421,ATL,MFRIED-L,105,100,8,8
421,CLE,SBIEBER-R,-125,-110,8,8
422,ARI,ZGODLEY-R,125,123,7.5,7.5
422,PIT,JMUSGROVE-R,-145,-133,7.5,7.5
422,PHI,JARRIETA-R,-115,-102,8,9
422,NYM,SMATZ-L,-105,-108,8,9
422,MIL,AHOUSER-R,143,135,9,8.5
422,STL,JFLAHERTY-R,-163,-145,9,8.5
422,WAS,JHELLICKSON-R,118,112,11,11
422,COL,TANDERSON-L,-138,-122,11,11
422,CWS,MBANUELOS-L,-110,-120,10,9.5
422,BAL,DHESS-R,-110,110,10,9.5
422,KAN,BKELLER-R,160,160,8,7.5
422,TAM,YCHIRINOS-R,-185,-170,8,7.5
422,MIN,JODORIZZI-R,160,158,9,9.5
422,HOU,BPEACOCK-R,-185,-168,9,9.5
422,NYY,JHAPP-L,-115,105,8.5,8.5
422,LAA,MHARVEY-R,-105,-115,8.5,8.5
422,TEX,MMINOR-L,-110,130,8.5,8.5
422,OAK,CBASSITT-R,-110,-140,8.5,8.5
423,ATL,KGAUSMAN-R,-110,-122,8.5,9.5
423,CIN,SGRAY-R,-110,112,8.5,9.5
423,ARI,LWEAVER-R,115,-104,7.5,8
423,PIT,TWILLIAMS-R,-135,-106,7.5,8
423,PHI,ZEFLIN-R,105,113,8,8.5
423,NYM,ZWHEELER-R,-125,-123,8,8.5
423,MIL,ZDAVIES-R,110,107,8.5,9
423,STL,PoncedeLeo-R,-130,-117,8.5,9
423,LAD,KMAEDA-R,-115,100,8,8
423,CUB,JQUINTANA-L,-105,-110,8,8
423,WAS,PCORBIN-L,-120,-154,10,11
423,COL,JHOFFMAN-R,100,144,10,11
423,CWS,INOVA-R,-130,-136,10,9.5
423,BAL,ACASHNER-R,110,126,10,9.5
423,KAN,HBAILEY-R,155,170,8,8
423,TAM,RSTANEK-R,-180,-185,8,8
423,DET,STURNBULL-R,155,165,9.5,9
423,BOS,HVELAZQUEZ-R,-180,-180,9.5,9
423,MIN,MPINEDA-R,140,140,9.5,9.5
423,HOU,WMILEY-L,-160,-150,9.5,9.5
423,NYY,DGERMAN-R,-125,-105,8.5,8.5
423,LAA,CSTRATTON-R,105,-105,8.5,8.5
423,TEX,LLYNN-R,115,130,8.5,8
423,OAK,FMONTAS-R,-135,-140,8.5,8
423,SFO,JSAMARDZIJA-R,105,-104,8.5,8.5
423,TOR,TTHORNTON-R,-125,-106,8.5,8.5
423,MIA,PLOPEZ-R,199,205,8,7.5
423,CLE,CCARRASCO-R,-240,-230,8,7.5
423,SEA,ESwanson-R,105,122,8,8
423,SDG,NMARGEVICIUS-L,-125,-132,8,8
423,DET,MBOYD-L,176,200,8,8
423,BOS,CSALE-L,-210,-220,8,8
424,MIL,JCHACIN-R,-105,115,9,8.5
424,STL,AWAINWRIGHT-R,-115,-125,9,8.5
424,WAS,ASANCHEZ-R,125,150,11,10.5
424,COL,GMARQUEZ-R,-145,-160,11,10.5
424,ATL,MSOROKA-R,-113,-113,9,9.5
424,CIN,TROARK-R,-107,103,9,9.5
424,ARI,MKELLY-R,115,100,8,8
424,PIT,JLYLES-R,-135,-110,8,8
424,PHI,VVELASQUEZ-R,-105,-126,8.5,9
424,NYM,JVARGAS-L,-115,116,8.5,9
424,LAD,WBUEHLER-R,-115,-116,7.5,8
424,CUB,CHAMELS-L,-105,106,7.5,8
424,KAN,JJUNIS-R,211,210,7,7
424,TAM,BSNELL-L,-255,-240,7,7
424,TEX,KDOWDY-R,125,150,9,9.5
424,OAK,ABROOKS-R,-145,-160,9,9.5
424,CWS,ESANTANA-R,-110,115,10.5,9.5
424,BAL,JMEANS-L,-110,-125,10.5,9.5
424,DET,TROSS-R,172,195,9,9.5
424,BOS,ERODRIGUEZ-L,-205,-215,9,9.5
424,MIN,KSTEWART-R,218,210,8.5,9
424,HOU,JVERLANDER-R,-265,-240,8.5,9
424,NYY,CSABATHIA-L,-105,-114,8.5,8.5
424,LAA,CBEDROSIAN-R,-115,104,8.5,8.5
424,MIA,SALCANTARA-R,146,147,9,9
424,CLE,JRODRIGUEZ-R,-167,-157,9,9
424,SEA,FHERNANDEZ-R,148,148,8.5,8.5
424,SDG,CPADDACK-R,-170,-158,8.5,8.5
424,SFO,DPOMERANZ-L,104,-122,9,8.5
424,TOR,CBUCHHOLZ-R,-124,112,9,8.5
425,ARI,ZGREINKE-R,-105,-105,7,7
425,PIT,JTAILLON-R,-115,-105,7,7
425,LAD,RSTRIPLING-R,-115,-116,8,8.5
425,CUB,JLESTER-L,-105,106,8,8.5
425,ATL,JTEHERAN-R,120,128,8.5,9
425,CIN,LCASTILLO-R,-140,-138,8.5,9
425,MIA,CSMITH-L,155,175,7.5,7.5
425,PHI,ANOLA-R,-180,-190,7.5,7.5
425,DET,JZIMMERMANN-R,160,205,9.5,9.5
425,BOS,RPORCELLO-R,-185,-230,9.5,9.5
425,CLE,TBAUER-R,133,135,7.5,7.5
425,HOU,GCOLE-R,-153,-145,7.5,7.5
425,NYY,MTANAKA-R,-130,-112,8.5,8
425,LAA,TCAHILL-R,110,102,8.5,8
425,TEX,THEARN-L,148,133,9,8.5
425,SEA,MGONZALES-L,-170,-143,9,8.5
426,MIA,JURENA-R,160,160,8,8.5
426,PHI,JEICKHOFF-R,-185,-170,8,8.5
426,SDG,MSTRAHM-L,160,190,7.5,7
426,WAS,MSCHERZER-R,-185,-210,7.5,7
426,MIL,CANDERSON-R,144,162,7,7
426,NYM,JDEGROM-R,-165,-174,7,7
426,COL,ASENZATELA-R,148,150,8.5,8.5
426,ATL,MFRIED-L,-170,-160,8.5,8.5
426,CIN,ADESCLAFANI-R,140,135,9,8
426,STL,MMIKOLAS-R,-160,-145,9,8
426,CUB,KHENDRICKS-R,-105,-102,8.5,9
426,ARI,RRAY-L,-115,-108,8.5,9
426,PIT,CARCHER-R,151,165,7.5,7.5
426,LAD,HRYU-L,-175,-180,7.5,7.5
426,OAK,MFIERS-R,115,114,8.5,9
426,TOR,MSTROMAN-R,-135,-124,8.5,9
426,BAL,ACOBB-R,163,170,9.5,9.5
426,MIN,MPEREZ-L,-190,-185,9.5,9.5
426,DET,DNORRIS-L,125,117,8.5,8.5
426,CWS,CRODON-L,-145,-127,8.5,8.5
426,CLE,CKLUBER-R,135,113,8.5,8.5
426,HOU,CMCHUGH-R,-155,-123,8.5,8.5
426,LAA,TSKAGGS-L,-125,-105,9,9
426,KAN,DDUFFY-L,105,-105,9,9
426,TEX,SMILLER-R,151,130,9,9.5
426,SEA,YKIKUCHI-L,-175,-140,9,9.5
426,NYY,JPAXTON-L,-115,-110,7,6
426,SFO,MBUMGARNER-L,-105,100,7,6
427,CIN,TMAHLE-R,125,113,9,9
427,STL,DHUDSON-R,-145,-123,9,9
427,SDG,ELAUER-L,155,152,8,8.5
427,WAS,SSTRASBURG-R,-180,-162,8,8.5
427,MIA,TRICHARDS-R,160,180,8,8
427,PHI,JARRIETA-R,-185,-200,8,8
427,MIL,BWOODRUFF-R,130,122,7.5,7
427,NYM,NSYNDERGAARD-R,-150,-132,7.5,7
427,COL,JGRAY-R,-105,102,8,8.5
427,ATL,MFOLTYNEWICZ-R,-115,-112,8,8.5
427,CUB,YDARVISH-R,-115,104,9,10.5
427,ARI,ZGODLEY-R,-105,-114,9,10.5
427,PIT,JMUSGROVE-R,163,190,7,7.5
427,LAD,CKERSHAW-L,-190,-210,7,7.5
427,BAL,DSTRAILY-R,215,225,9,9
427,MIN,JBERRIOS-R,-260,-255,9,9
427,OAK,BANDERSON-L,-115,-105,9,9
427,TOR,ASANCHEZ-R,-105,-105,9,9
427,CLE,SBIEBER-R,125,140,8.5,9
427,HOU,BPEACOCK-R,-145,-150,8.5,9
427,TAM,CMORTON-R,120,120,8.5,9
427,BOS,DPRICE-L,-140,-130,8.5,9
427,LAA,JBARRIA-R,-110,-116,9,9
427,KAN,JLOPEZ-R,-110,106,9,9
427,TEX,MMINOR-L,105,-107,8.5,8.5
427,SEA,MLEAKE-R,-125,-103,8.5,8.5
427,NYY,JHAPP-L,-120,-104,8,7.5
427,SFO,DHOLLAND-L,100,-106,8,7.5
428,MIA,PLOPEZ-R,148,160,8,7.5
428,PHI,ZEFLIN-R,-170,-170,8,7.5
428,MIL,GGONZALEZ-L,-101,112,8,8
428,NYM,SMATZ-L,-119,-122,8,8
428,COL,TANDERSON-L,140,155,9,9
428,ATL,KGAUSMAN-R,-160,-165,9,9
428,SDG,JLUCCHESI-L,110,-121,8.5,8.5
428,WAS,JHELLICKSON-R,-130,111,8.5,8.5
428,CIN,SGRAY-R,120,130,8,7.5
428,STL,JFLAHERTY-R,-140,-140,8,7.5
428,CUB,JQUINTANA-L,-110,-110,9,8.5
428,ARI,LWEAVER-R,-110,100,9,8.5
428,PIT,TWILLIAMS-R,148,170,8,8
428,LAD,RHILL-L,-170,-185,8,8
428,TAM,TGLASNOW-R,125,120,8.5,8
428,BOS,CSALE-L,-145,-130,8.5,8
428,OAK,CBASSITT-R,-119,-125,9,9.5
428,TOR,TTHORNTON-R,-101,115,9,9.5
428,DET,MBOYD-L,NL,-120,8.5,8
428,CWS,MBANUELOS-L,NL,110,8.5,8
428,BAL,DBUNDY-R,160,190,9,9
428,MIN,KGIBSON-R,-185,-210,9,9
428,LAA,MHARVEY-R,-105,-110,9,9.5
428,KAN,HBAILEY-R,-115,100,9,9.5
428,TEX,LLYNN-R,115,117,9,8.5
428,SEA,ESwanson-R,-135,-127,9,8.5
428,CLE,CCARRASCO-R,115,-102,8.5,8.5
428,HOU,WMILEY-L,-135,-108,8.5,8.5
428,NYY,DGERMAN-R,-115,-125,7.5,7.5
428,SFO,DRODRIGUEZ-R,-105,115,7.5,7.5
429,STL,MWACHA-R,135,124,8,8.5
429,WAS,PCORBIN-L,-155,-134,8,8.5
429,CIN,TROARK-R,125,142,8,7.5
429,NYM,ZWHEELER-R,-145,-152,8,7.5
429,SDG,NMARGEVICIUS-L,125,150,8.5,9
429,ATL,MSOROKA-R,-145,-160,8.5,9
429,COL,KFREELAND-L,115,-105,8.5,8.5
429,MIL,ZDAVIES-R,-135,-105,8.5,8.5
429,LAD,KMAEDA-R,-145,-150,7.5,8
429,SFO,JSAMARDZIJA-R,125,140,7.5,8
429,OAK,FMONTAS-R,120,124,9,9
429,BOS,ERODRIGUEZ-L,-140,-134,9,9
429,HOU,JVERLANDER-R,-170,-165,8,8
429,MIN,JODORIZZI-R,148,155,8,8
429,BAL,JMEANS-L,115,118,8.5,8.5
429,CWS,MBANUELOS-L,-135,-128,8.5,8.5
429,TAM,RSTANEK-R,-125,-148,8.5,8.5
429,KAN,BKELLER-R,105,138,8.5,8.5
430,STL,AWAINWRIGHT-R,-110,-118,9,9.5
430,WAS,ASANCHEZ-R,-110,108,9,9.5
430,CIN,LCASTILLO-R,-120,-106,8,7.5
430,NYM,JVARGAS-L,100,-104,8,7.5
430,SDG,CPADDACK-R,-105,100,8.5,8.5
430,ATL,JTEHERAN-R,-115,-110,8.5,8.5
430,COL,GMARQUEZ-R,-115,-107,8.5,8
430,MIL,JCHACIN-R,-105,-103,8.5,8
430,LAD,WBUEHLER-R,-170,-145,7.5,7
430,SFO,DPOMERANZ-L,148,135,7.5,7
430,OAK,ABROOKS-R,125,150,9.5,9.5
430,BOS,RPORCELLO-R,-145,-160,9.5,9.5
430,HOU,GCOLE-R,-150,-160,8.5,7.5
430,MIN,MPINEDA-R,130,150,8.5,7.5
430,TOR,CBUCHHOLZ-R,110,138,8.5,9
430,LAA,GCANNING-R,-130,-148,8.5,9
430,DET,STURNBULL-R,170,175,8.5,8.5
430,PHI,VVELASQUEZ-R,-200,-190,8.5,8.5
430,CLE,TBAUER-R,-175,-200,7,7
430,MIA,SALCANTARA-R,151,180,7,7
430,PIT,JLYLES-R,-110,100,10,11
430,TEX,ASAMPSON-R,-110,-110,10,11
430,NYY,CSABATHIA-L,115,135,8.5,8.5
430,ARI,ZGREINKE-R,-135,-145,8.5,8.5
430,CUB,CHAMELS-L,-140,-129,8.5,9
430,SEA,FHERNANDEZ-R,120,119,8.5,9
501,STL,MMIKOLAS-R,146,130,7.5,7.5
501,WAS,MSCHERZER-R,-168,-140,7.5,7.5
501,CIN,ADESCLAFANI-R,148,170,7,7
501,NYM,JDEGROM-R,-170,-185,7,7
501,SDG,CQUANTRILL-R,135,130,9,9
501,ATL,MFRIED-L,-155,-140,9,9
501,COL,ASENZATELA-R,114,135,9,8.5
501,MIL,JBARNES-R,-134,-145,9,8.5
501,LAD,HRYU-L,-140,-130,7,7
501,SFO,MBUMGARNER-L,120,120,7,7
501,OAK,MFIERS-R,120,126,9.5,9.5
501,BOS,HVELAZQUEZ-R,-140,-136,9.5,9.5
501,HOU,CMCHUGH-R,-153,-147,8.5,9
501,MIN,MPEREZ-L,133,137,8.5,9
501,BAL,DHESS-R,149,165,8.5,9
501,CWS,CRODON-L,-172,-180,8.5,9
501,TAM,BSNELL-L,NL,-220,8.5,8
501,KAN,GSPARKMAN-R,NL,200,8.5,8
501,TOR,MSTROMAN-R,-105,-101,8.5,8.5
501,LAA,LBARD-R,-115,-109,8.5,8.5
501,PIT,JTAILLON-R,-115,-136,10.5,10.5
501,TEX,SMILLER-R,-105,126,10.5,10.5
501,NYY,MTANAKA-R,-127,-115,8.5,7.5
501,ARI,MKELLY-R,107,105,8.5,7.5
501,CUB,JLESTER-L,-113,-102,8.5,9
501,SEA,MGONZALES-L,-107,-108,8.5,9
501,DET,DNORRIS-L,166,210,8.5,8
501,PHI,ANOLA-R,-195,-240,8.5,8
501,CLE,CKLUBER-R,-167,-120,7,6.5
501,MIA,CSMITH-L,146,110,7,6.5
501,BAL,ACASHNER-R,128,132,8.5,9
501,CWS,INOVA-R,-148,-142,8.5,9
501,TAM,RSTANEK-R,-147,-135,8.5,8.5
501,KAN,JJUNIS-R,127,125,8.5,8.5
502,CIN,TMAHLE-R,140,164,7.5,7.5
502,NYM,NSYNDERGAARD-R,-160,-178,7.5,7.5
502,SDG,MSTRAHM-L,110,137,8.5,8.5
502,ATL,MFOLTYNEWICZ-R,-130,-147,8.5,8.5
502,COL,JGRAY-R,-105,106,9,8
502,MIL,FPERALTA-R,-115,-116,9,8
502,STL,DHUDSON-R,140,140,8.5,8.5
502,WAS,SSTRASBURG-R,-160,-150,8.5,8.5
502,HOU,BPEACOCK-R,-115,105,8.5,8
502,MIN,JBERRIOS-R,-105,-115,8.5,8
502,TAM,CMORTON-R,-165,-162,8.5,8
502,KAN,DDUFFY-L,144,152,8.5,8
502,BOS,DPRICE-L,-160,-178,8.5,9
502,CWS,LGIOLITO-R,140,164,8.5,9
502,TOR,ASANCHEZ-R,115,152,8.5,8.5
502,LAA,TSKAGGS-L,-135,-162,8.5,8.5
503,STL,JFLAHERTY-R,-105,-108,7.5,7.5
503,CUB,KHENDRICKS-R,-115,-102,7.5,7.5
503,WAS,JHELLICKSON-R,144,163,9,9
503,PHI,JEICKHOFF-R,-165,-176,9,9
503,ATL,KGAUSMAN-R,-150,-158,8,8
503,MIA,JURENA-R,130,148,8,8
503,SFO,TBEEDE-R,148,135,8.5,8
503,CIN,SGRAY-R,-170,-145,8.5,8
503,NYM,SMATZ-L,103,115,8.5,8.5
503,MIL,BWOODRUFF-R,-123,-125,8.5,8.5
503,ARI,RRAY-L,-115,-105,11,11
503,COL,TANDERSON-L,-105,-105,11,11
503,LAD,CKERSHAW-L,-185,-153,7,7.5
503,SDG,ELAUER-L,160,143,7,7.5
503,TAM,TGLASNOW-R,-200,-240,9,9.5
503,BAL,DSTRAILY-R,170,210,9,9.5
503,MIN,KGIBSON-R,135,140,8,7.5
503,NYY,JPAXTON-L,-155,-150,8,7.5
503,KAN,JLOPEZ-R,130,135,8,8
503,DET,MBOYD-L,-150,-145,8,8
503,SEA,YKIKUCHI-L,125,133,8.5,8.5
503,CLE,SBIEBER-R,-145,-143,8.5,8.5
503,TOR,TTHORNTON-R,140,130,9.5,9
503,TEX,MMINOR-L,-160,-140,9.5,9
503,BOS,CSALE-L,-170,-172,8.5,8
503,CWS,RLOPEZ-R,148,161,8.5,8
503,OAK,BANDERSON-L,120,110,8,7.5
503,PIT,JMUSGROVE-R,-140,-120,8,7.5
504,STL,MWACHA-R,-101,107,8,8.5
504,CUB,YDARVISH-R,-119,-117,8,8.5
504,ATL,MSOROKA-R,-170,-156,8,7.5
504,MIA,TRICHARDS-R,148,146,8,7.5
504,WAS,PCORBIN-L,100,100,8,8
504,PHI,JARRIETA-R,-120,-110,8,8
504,NYM,ZWHEELER-R,-111,104,9,9
504,MIL,GGONZALEZ-L,-109,-114,9,9
504,SFO,DRODRIGUEZ-R,770,114,9,8.5
504,CIN,TROARK-R,-1235,-124,9,8.5
504,ARI,LWEAVER-R,110,124,10.5,10.5
504,COL,KFREELAND-L,-130,-134,10.5,10.5
504,LAD,RHILL-L,-145,100,8,7.5
504,SDG,JLUCCHESI-L,125,-110,8,7.5
504,MIN,JODORIZZI-R,110,107,8.5,9
504,NYY,JHAPP-L,-130,-117,8.5,9
504,SEA,MLEAKE-R,151,176,8,8.5
504,CLE,CCARRASCO-R,-175,-192,8,8.5
504,KAN,HBAILEY-R,108,-103,8.5,9
504,DET,TROSS-R,-128,-107,8.5,9
504,TAM,UNDECIDED,-183,-170,9.5,9
504,BAL,DBUNDY-R,158,160,9.5,9
504,HOU,WMILEY-L,-140,-136,9.5,10.5
504,LAA,TCAHILL-R,120,126,9.5,10.5
504,BOS,ERODRIGUEZ-L,-145,-169,9,9
504,CWS,MBANUELOS-L,125,159,9,9
504,TOR,TPANNONE-L,130,110,10.5,10
504,TEX,LLYNN-R,-150,-120,10.5,10
504,OAK,CBASSITT-R,-110,-105,7.5,7.5
504,PIT,TWILLIAMS-R,-110,-105,7.5,7.5
505,ATL,JTEHERAN-R,-150,-116,8,7.5
505,MIA,PLOPEZ-R,130,106,8,7.5
505,WAS,ASANCHEZ-R,148,160,8.5,8.5
505,PHI,ZEFLIN-R,-170,-170,8.5,8.5
505,NYM,JVARGAS-L,125,160,9,9
505,MIL,ZDAVIES-R,-145,-170,9,9
505,ARI,ZGREINKE-R,100,129,9.5,9.5
505,COL,GMARQUEZ-R,-120,-139,9.5,9.5
505,LAD,KMAEDA-R,-130,-123,8,8
505,SDG,NMARGEVICIUS-L,110,113,8,8
505,SFO,JSAMARDZIJA-R,144,163,8,8
505,CIN,LCASTILLO-R,-165,-176,8,8
505,STL,AWAINWRIGHT-R,120,113,9.5,10
505,CUB,JQUINTANA-L,-140,-123,9.5,10
505,MIN,MPINEDA-R,130,129,8.5,8.5
505,NYY,DGERMAN-R,-150,-139,8.5,8.5
505,SEA,ESwanson-R,110,132,9,9
505,CLE,COANDERSON-R,-130,-142,9,9
505,KAN,BKELLER-R,105,108,8,8.5
505,DET,STURNBULL-R,-125,-118,8,8.5
505,BOS,RPORCELLO-R,-175,-140,9.5,9.5
505,CWS,DCOVEY-R,151,130,9.5,9.5
505,TOR,CBUCHHOLZ-R,105,124,11,10.5
505,TEX,DSMYLY-L,-125,-134,11,10.5
505,HOU,JVERLANDER-R,-190,-215,8.5,10
505,LAA,MHARVEY-R,163,195,8.5,10
505,OAK,FMONTAS-R,-115,-112,8.5,8
505,PIT,JLYLES-R,-105,102,8.5,8
506,SFO,DPOMERANZ-L,125,125,8.5,8
506,CIN,ADESCLAFANI-R,-145,-135,8.5,8
506,WAS,MSCHERZER-R,-110,100,8,7.5
506,MIL,JCHACIN-R,-110,-110,8,7.5
506,PHI,VVELASQUEZ-R,115,115,8.5,9
506,STL,MMIKOLAS-R,-135,-125,8.5,9
506,MIA,SALCANTARA-R,203,240,7,7
506,CUB,CHAMELS-L,-245,-270,7,7
506,ATL,KGAUSMAN-R,130,145,7.5,8
506,LAD,WBUEHLER-R,-150,-155,7.5,8
506,NYM,JDEGROM-R,-110,-115,7,6.5
506,SDG,CPADDACK-R,-110,105,7,6.5
506,CWS,INOVA-R,203,220,8.5,9
506,CLE,TBAUER-R,-245,-250,8.5,9
506,SEA,FHERNANDEZ-R,140,128,9,9
506,NYY,CSABATHIA-L,-160,-138,9,9
506,BOS,JSMITH-R,-160,-163,9.5,9.5
506,BAL,JMEANS-L,150,153,9.5,9.5
506,MIN,MPEREZ-L,100,105,8.5,8.5
506,TOR,MSTROMAN-R,-120,-115,8.5,8.5
506,KAN,JJUNIS-R,207,250,8,8
506,HOU,GCOLE-R,-250,-290,8,8
506,ARI,MKELLY-R,155,190,7.5,7.5
506,TAM,BSNELL-L,-180,-210,7.5,7.5
507,WAS,SSTRASBURG-R,-120,102,8.5,8
507,MIL,AHOUSER-R,100,-112,8.5,8
507,PHI,ANOLA-R,-110,-115,8.5,9
507,STL,DHUDSON-R,-110,105,8.5,9
507,MIA,CSMITH-L,176,155,6.5,6.5
507,CUB,JLESTER-L,-210,-165,6.5,6.5
507,SFO,MBUMGARNER-L,-110,114,10,10
507,COL,ASENZATELA-R,-110,-124,10,10
507,ATL,MFRIED-L,130,122,7.5,7.5
507,LAD,HRYU-L,-150,-132,7.5,7.5
507,NYM,NSYNDERGAARD-R,-135,-150,7,7.5
507,SDG,CQUANTRILL-R,115,140,7,7.5
507,CWS,LGIOLITO-R,140,127,9,8.5
507,CLE,JRODRIGUEZ-R,-160,-137,9,8.5
507,SEA,MGONZALES-L,130,142,8.5,9.5
507,NYY,MTANAKA-R,-150,-152,8.5,9.5
507,BOS,HVELAZQUEZ-R,-190,-205,9.5,10
507,BAL,DHESS-R,163,185,9.5,10
507,MIN,JBERRIOS-R,-150,-140,8.5,9
507,TOR,ASANCHEZ-R,130,130,8.5,9
507,LAA,GCANNING-R,-125,-137,8.5,9
507,DET,DNORRIS-L,105,127,8.5,9
507,KAN,DDUFFY-L,180,210,8.5,9
507,HOU,CMCHUGH-R,-215,-240,8.5,9
507,TEX,ASAMPSON-R,105,132,8.5,8.5
507,PIT,SBRAULT-L,-125,-142,8.5,8.5
507,ARI,TCLARKE-R,148,161,8,8.5
507,TAM,RSTANEK-R,-170,-172,8,8.5
507,CIN,TMAHLE-R,105,112,8.5,9
507,OAK,MFIERS-R,-125,-122,8.5,9
508,WAS,JHELLICKSON-R,159,175,9,8.5
508,MIL,BWOODRUFF-R,-184,-190,9,8.5
508,PHI,JEICKHOFF-R,122,138,8.5,9
508,STL,JFLAHERTY-R,-142,-148,8.5,9
508,NYM,WFONT-R,135,120,8.5,8
508,SDG,MSTRAHM-L,-155,-130,8.5,8
508,MIA,JURENA-R,195,205,7.5,8
508,CUB,KHENDRICKS-R,-235,-230,7.5,8
508,ATL,MFOLTYNEWICZ-R,160,190,7.5,8
508,LAD,CKERSHAW-L,-185,-210,7.5,8
508,CWS,RLOPEZ-R,158,180,8.5,8.5
508,CLE,SBIEBER-R,-183,-200,8.5,8.5
508,SEA,YKIKUCHI-L,122,105,9.5,9
508,NYY,JLOAISIGA-R,-142,-115,9.5,9
508,BOS,CSALE-L,-255,-280,8.5,8.5
508,BAL,ACASHNER-R,211,245,8.5,8.5
508,MIN,KGIBSON-R,-123,-133,8.5,9
508,TOR,TTHORNTON-R,103,123,8.5,9
508,LAA,TSKAGGS-L,-111,100,8.5,8
508,DET,MBOYD-L,-109,-110,8.5,8
508,KAN,JLOPEZ-R,192,205,9,9
508,HOU,BPEACOCK-R,-230,-230,9,9
508,TEX,SMILLER-R,123,111,9,9
508,PIT,NKINGHAM-R,-143,-121,9,9
508,ARI,RRAY-L,130,145,7.5,7.5
508,TAM,CMORTON-R,-150,-155,7.5,7.5
508,CIN,SGRAY-R,104,112,8.5,8.5
508,OAK,BANDERSON-L,-124,-122,8.5,8.5
509,MIA,TRICHARDS-R,170,190,9.5,10
509,CUB,YDARVISH-R,-200,-210,9.5,10
509,SFO,DHOLLAND-L,135,148,10.5,9.5
509,COL,KFREELAND-L,-155,-158,10.5,9.5
509,PIT,JMUSGROVE-R,120,135,8,8.5
509,STL,MWACHA-R,-140,-145,8,8.5
509,ATL,MSOROKA-R,-120,-110,8.5,8.5
509,ARI,LWEAVER-R,100,100,8.5,8.5
509,WAS,PCORBIN-L,115,140,7.5,7
509,LAD,RHILL-L,-135,-150,7.5,7
509,CWS,MBANUELOS-L,170,210,8.5,9
509,CLE,CCARRASCO-R,-200,-240,8.5,9
509,LAA,LBARD-R,-118,-174,9,9.5
509,DET,RCARPENTER-L,-102,162,9,9.5
509,SEA,MLEAKE-R,155,130,9.5,9
509,NYY,JHAPP-L,-180,-140,9.5,9
509,TEX,MMINOR-L,135,167,9,9
509,HOU,WMILEY-L,-155,-182,9,9
509,CIN,TROARK-R,125,156,8,8.5
509,OAK,CBASSITT-R,-145,-166,8,8.5
510,MIL,GGONZALEZ-L,115,106,8.5,7.5
510,CUB,JQUINTANA-L,-135,-116,8.5,7.5
510,MIA,PLOPEZ-R,148,163,7,7.5
510,NYM,ZWHEELER-R,-170,-176,7,7.5
510,PIT,TWILLIAMS-R,120,150,8.5,8.5
510,STL,AWAINWRIGHT-R,-140,-160,8.5,8.5
510,SDG,ELAUER-L,130,161,10,10
510,COL,GMARQUEZ-R,-150,-172,10,10
510,ATL,JTEHERAN-R,130,120,8,8.5
510,ARI,ZGREINKE-R,-150,-130,8,8.5
510,WAS,ASANCHEZ-R,151,200,8,8.5
510,LAD,KMAEDA-R,-175,-220,8,8.5
510,CIN,LCASTILLO-R,-140,-150,7,7.5
510,SFO,DRODRIGUEZ-R,120,140,7,7.5
510,LAA,TCAHILL-R,-150,-185,10,11
510,BAL,DSTRAILY-R,130,170,10,11
510,CWS,DCOVEY-R,110,116,9,9
510,TOR,DHUDSON-R,-130,-126,9,9
510,SEA,ESwanson-R,151,185,9.5,10.5
510,BOS,ERODRIGUEZ-L,-175,-205,9.5,10.5
510,NYY,DGERMAN-R,120,156,7.5,7
510,TAM,TGLASNOW-R,-140,-166,7.5,7
510,DET,TROSS-R,176,190,9,9
510,MIN,JODORIZZI-R,-210,-210,9,9
510,TEX,LLYNN-R,215,230,8,8.5
510,HOU,JVERLANDER-R,-260,-260,8,8.5
510,CLE,COANDERSON-R,133,128,8.5,8.5
510,OAK,FMONTAS-R,-153,-138,8.5,8.5
510,PHI,JARRIETA-R,-150,-143,9,9
510,KAN,HBAILEY-R,130,133,9,9
511,PIT,JLYLES-R,144,165,8.5,7.5
511,STL,MMIKOLAS-R,-165,-180,8.5,7.5
511,MIL,ZDAVIES-R,120,112,7,7.5
511,CUB,CHAMELS-L,-140,-122,7,7.5
511,MIA,SALCANTARA-R,222,270,6.5,7
511,NYM,JDEGROM-R,-270,-310,6.5,7
511,ATL,KGAUSMAN-R,-117,-125,9.5,9
511,ARI,MKELLY-R,-103,115,9.5,9
511,SDG,JLUCCHESI-L,115,125,10.5,10
511,COL,JGRAY-R,-135,-135,10.5,10
511,CIN,ADESCLAFANI-R,-130,-135,7.5,7.5
511,SFO,JSAMARDZIJA-R,110,125,7.5,7.5
511,WAS,MSCHERZER-R,120,125,7,7
511,LAD,WBUEHLER-R,-140,-135,7,7
511,SEA,FHERNANDEZ-R,166,161,9,11.5
511,BOS,RPORCELLO-R,-195,-172,9,11.5
511,DET,STURNBULL-R,125,148,9,8.5
511,MIN,MPINEDA-R,-145,-158,9,8.5
511,CWS,INOVA-R,125,146,8.5,8.5
511,TOR,MSTROMAN-R,-145,-156,8.5,8.5
511,LAA,MHARVEY-R,-145,-134,9.5,9.5
511,BAL,DBUNDY-R,125,124,9.5,9.5
511,CLE,TBAUER-R,-130,-118,8.5,8
511,OAK,LHENDRIKS-R,110,108,8.5,8
511,NYY,CSABATHIA-L,135,125,8,8.5
511,TAM,RSTANEK-R,-155,-135,8,8.5
511,TEX,JCHAVEZ-R,263,250,8.5,9
511,HOU,GCOLE-R,-325,-290,8.5,9
511,PHI,ZEFLIN-R,-145,-130,9,9
511,KAN,BKELLER-R,125,120,9,9
511,DET,GSOTO-L,163,190,9.5,9.5
511,MIN,KSTEWART-R,-190,-210,9.5,9.5
512,PIT,SBRAULT-L,135,160,9,9
512,STL,DHUDSON-R,-155,-170,9,9
512,SDG,NMARGEVICIUS-L,105,100,10.5,12
512,COL,ASENZATELA-R,-125,-110,10.5,12
512,CIN,TMAHLE-R,110,101,7.5,7
512,SFO,MBUMGARNER-L,-130,-111,7.5,7
512,WAS,SSTRASBURG-R,135,132,7,7.5
512,LAD,HRYU-L,-155,-142,7,7.5
512,ATL,MFRIED-L,-130,-115,9,9
512,ARI,ZGODLEY-R,110,105,9,9
512,MIL,JCHACIN-R,125,108,7.5,7
512,CUB,JLESTER-L,-145,-118,7.5,7
512,LAA,GCANNING-R,-145,-155,9.5,8.5
512,BAL,JMEANS-L,125,145,9.5,8.5
512,SEA,MGONZALES-L,140,120,10.5,10
512,BOS,HVELAZQUEZ-R,-160,-130,10.5,10
512,CWS,LGIOLITO-R,110,102,8.5,8.5
512,TOR,ASANCHEZ-R,-130,-112,8.5,8.5
512,NYY,MTANAKA-R,130,170,7,7
512,TAM,BSNELL-L,-150,-185,7,7
512,DET,DNORRIS-L,180,161,9,8.5
512,MIN,MPEREZ-L,-215,-172,9,8.5
512,TEX,ASAMPSON-R,176,190,10,10
512,HOU,CMARTIN-R,-210,-210,10,10
512,CLE,JRODRIGUEZ-R,110,110,8.5,8.5
512,OAK,DMENGDEN-R,-130,-120,8.5,8.5
512,PHI,CIRVIN-L,-121,-105,9.5,9
512,KAN,JJUNIS-R,111,-105,9.5,9
513,MIL,FPERALTA-R,146,133,8,8.5
513,PHI,ANOLA-R,-167,-143,8,8.5
513,PIT,NKINGHAM-R,144,165,8.5,9
513,ARI,RRAY-L,-165,-180,8.5,9
513,HOU,BPEACOCK-R,-140,-162,8.5,9
513,DET,MBOYD-L,120,152,8.5,9
513,LAA,TSKAGGS-L,144,118,8.5,9
513,MIN,JBERRIOS-R,-165,-128,8.5,9
513,CLE,SBIEBER-R,-140,-155,8.5,8.5
513,CWS,RLOPEZ-R,120,145,8.5,8.5
513,OAK,MFIERS-R,115,105,8,9
513,SEA,YKIKUCHI-L,-135,-115,8,9
514,CUB,KHENDRICKS-R,-130,-110,8.5,9.5
514,CIN,TROARK-R,110,100,8.5,9.5
514,MIL,BWOODRUFF-R,105,-115,8.5,8
514,PHI,JEICKHOFF-R,-125,105,8.5,8
514,NYM,NSYNDERGAARD-R,-155,-144,8.5,8
514,WAS,JHELLICKSON-R,135,134,8.5,8
514,STL,JFLAHERTY-R,-115,-125,9,9
514,ATL,MFOLTYNEWICZ-R,-105,115,9,9
514,PIT,JMUSGROVE-R,125,148,9,9
514,ARI,LWEAVER-R,-145,-158,9,9
514,SDG,CPADDACK-R,144,147,6.5,7
514,LAD,CKERSHAW-L,-165,-157,6.5,7
514,CLE,CCARRASCO-R,-185,-196,9,8
514,CWS,MBANUELOS-L,160,178,9,8
514,HOU,WMILEY-L,-200,-220,9.5,10.5
514,DET,RCARPENTER-L,170,200,9.5,10.5
514,LAA,CBEDROSIAN-R,105,118,8.5,9.5
514,MIN,KGIBSON-R,-125,-128,8.5,9.5
514,TEX,SMILLER-R,105,133,9.5,10
514,KAN,DDUFFY-L,-125,-143,9.5,10
514,OAK,BANDERSON-L,-110,-115,8.5,9
514,SEA,MLEAKE-R,-110,105,8.5,9
514,TAM,CMORTON-R,-150,-143,7,6.5
514,MIA,CSMITH-L,130,133,7,6.5
514,COL,KFREELAND-L,192,220,8.5,8.5
514,BOS,CSALE-L,-230,-250,8.5,8.5
514,TOR,TTHORNTON-R,-115,115,8,7.5
514,SFO,NVINCENT-R,-105,-125,8,7.5
515,PIT,CARCHER-R,144,147,8,7
515,ARI,ZGREINKE-R,-165,-157,8,7
515,CUB,YDARVISH-R,-110,124,9,9
515,CIN,SGRAY-R,-110,-134,9,9
515,MIL,GGONZALEZ-L,110,112,8.5,9
515,PHI,JARRIETA-R,-130,-122,8.5,9
515,NYM,WFONT-R,148,137,8,8.5
515,WAS,PCORBIN-L,-170,-147,8,8.5
515,STL,MWACHA-R,115,124,9,9.5
515,ATL,MSOROKA-R,-135,-134,9,9.5
515,SDG,MSTRAHM-L,135,148,8,7.5
515,LAD,KMAEDA-R,-155,-158,8,7.5
515,LAA,TCAHILL-R,123,125,9,9.5
515,MIN,JODORIZZI-R,-143,-135,9,9.5
515,BAL,ACASHNER-R,199,210,9,9
515,NYY,DGERMAN-R,-240,-240,9,9
515,HOU,JVERLANDER-R,-330,-380,9.5,9.5
515,DET,GSOTO-L,267,320,9.5,9.5
515,TEX,MMINOR-L,-128,-118,9.5,9.5
515,KAN,JLOPEZ-R,108,108,9.5,9.5
515,TOR,EJACKSON-R,113,130,8.5,7.5
515,SFO,SANDERSON-R,-133,-140,8.5,7.5
515,TAM,RSTANEK-R,-167,-176,7.5,7.5
515,MIA,JURENA-R,146,163,7.5,7.5
515,COL,GMARQUEZ-R,125,136,8.5,9
515,BOS,ERODRIGUEZ-L,-145,-146,8.5,9
515,BAL,DHESS-R,218,240,9,9.5
515,NYY,JHAPP-L,-265,-270,9,9.5
516,NYM,ZWHEELER-R,-125,-125,9,9
516,WAS,ASANCHEZ-R,105,115,9,9
516,MIL,ZDAVIES-R,105,111,8,9
516,PHI,ZEFLIN-R,-125,-121,8,9
516,CUB,JQUINTANA-L,-115,126,8,8
516,CIN,LCASTILLO-R,-105,-136,8,8
516,STL,AWAINWRIGHT-R,-110,102,9,10
516,ATL,JTEHERAN-R,-110,-112,9,10
516,PIT,TWILLIAMS-R,-110,134,8,7.5
516,SDG,ELAUER-L,-110,-144,8,7.5
516,OAK,CBASSITT-R,-120,-148,8.5,8.5
516,DET,STURNBULL-R,100,138,8.5,8.5
516,TEX,LLYNN-R,-105,102,10,10.5
516,KAN,HBAILEY-R,-115,-112,10,10.5
516,BAL,DSTRAILY-R,237,290,8.5,9
516,CLE,TBAUER-R,-290,-340,8.5,9
516,TOR,MSTROMAN-R,-135,-116,9,10
516,CWS,DCOVEY-R,115,106,9,10
516,MIN,MPINEDA-R,-110,-107,9,10
516,SEA,ESwanson-R,-110,-103,9,10
517,CUB,CHAMELS-L,105,148,7,8
517,WAS,MSCHERZER-R,-125,-158,7,8
517,COL,JGRAY-R,115,109,8.5,9.5
517,PHI,CIRVIN-L,-135,-119,8.5,9.5
517,LAD,RHILL-L,-130,-137,9,10
517,CIN,ADESCLAFANI-R,110,127,9,10
517,NYM,JDEGROM-R,-270,-230,6.5,6.5
517,MIA,TRICHARDS-R,222,205,6.5,6.5
517,MIL,JCHACIN-R,100,118,9.5,9
517,ATL,MFRIED-L,-120,-128,9.5,9
517,SFO,JSAMARDZIJA-R,110,131,9,9
517,ARI,MKELLY-R,-130,-141,9,9
517,PIT,JLYLES-R,110,158,7,7
517,SDG,JLUCCHESI-L,-130,-168,7,7
517,TAM,RSTANEK-R,105,-103,8.5,9.5
517,NYY,CSABATHIA-L,-125,-107,8.5,9.5
517,BAL,DBUNDY-R,151,160,8.5,9
517,CLE,JRODRIGUEZ-R,-175,-170,8.5,9
517,OAK,FMONTAS-R,-145,-192,8.5,9
517,DET,DNORRIS-L,125,176,8.5,9
517,HOU,GCOLE-R,-135,-141,9.5,9.5
517,BOS,RPORCELLO-R,115,131,9.5,9.5
517,TOR,ASANCHEZ-R,-105,106,9.5,9
517,CWS,INOVA-R,-115,-116,9.5,9
517,KAN,BKELLER-R,120,170,9,10
517,LAA,MHARVEY-R,-140,-185,9,10
517,MIN,MPEREZ-L,-120,102,9,8.5
517,SEA,MGONZALES-L,100,-112,9,8.5
517,STL,MMIKOLAS-R,-175,-157,11,11.5
517,TEX,JLECLERC-R,151,147,11,11.5
518,COL,ASENZATELA-R,135,163,8.5,9.5
518,PHI,ANOLA-R,-155,-176,8.5,9.5
518,LAD,WBUEHLER-R,-160,-167,9,10
518,CIN,TMAHLE-R,140,157,9,10
518,NYM,SMATZ-L,-125,-126,7.5,7.5
518,MIA,PLOPEZ-R,105,116,7.5,7.5
518,CUB,JLESTER-L,105,125,7.5,8.5
518,WAS,SSTRASBURG-R,-125,-135,7.5,8.5
518,MIL,CANDERSON-R,-105,110,9.5,9.5
518,ATL,KGAUSMAN-R,-115,-120,9.5,9.5
518,PIT,MDURAPAU-R,128,140,8,8
518,SDG,NMARGEVICIUS-L,-148,-150,8,8
518,SFO,MBUMGARNER-L,-115,-116,8.5,8.5
518,ARI,ZGODLEY-R,-105,106,8.5,8.5
518,TAM,BSNELL-L,-110,-117,8,8.5
518,NYY,MTANAKA-R,-110,107,8,8.5
518,TOR,RFEIERABE-L,125,145,9.5,9.5
518,CWS,LGIOLITO-R,-145,-155,9.5,9.5
518,OAK,DMENGDEN-R,-110,-118,8.5,9
518,DET,MBOYD-L,-110,108,8.5,9
518,BAL,JMEANS-L,130,140,9,9
518,CLE,APLUTKO-R,-150,-150,9,9
518,HOU,CMARTIN-R,-115,-110,10.5,10.5
518,BOS,HVELAZQUEZ-R,-105,100,10.5,10.5
518,KAN,JJUNIS-R,144,175,9,9
518,LAA,GCANNING-R,-165,-190,9,9
518,MIN,JBERRIOS-R,-135,-132,9,9
518,SEA,WLEBLANC-L,115,122,9,9
518,STL,DHUDSON-R,-150,-110,11.5,12
518,TEX,AJURADO-R,130,100,11.5,12
519,COL,KFREELAND-L,125,103,9,10
519,PHI,JEICKHOFF-R,-145,-113,9,10
519,NYM,NSYNDERGAARD-R,-220,-196,7,7
519,MIA,SALCANTARA-R,184,178,7,7
519,LAD,HRYU-L,-165,-170,9.5,9
519,CIN,TROARK-R,144,160,9.5,9
519,MIL,BWOODRUFF-R,-120,-140,9.5,9
519,ATL,MFOLTYNEWICZ-R,100,130,9.5,9
519,SFO,DPOMERANZ-L,151,180,8.5,8
519,ARI,RRAY-L,-175,-200,8.5,8
519,PIT,JMUSGROVE-R,-110,102,8,8
519,SDG,CQUANTRILL-R,-110,-112,8,8
519,CUB,KHENDRICKS-R,-150,-150,9.5,10
519,WAS,JHELLICKSON-R,130,140,9.5,10
519,HOU,WMILEY-L,130,176,9,9.5
519,BOS,CSALE-L,-150,-192,9,9.5
519,TAM,CMORTON-R,-140,-101,9,9
519,NYY,CGREEN-R,120,-109,9,9
519,BAL,YRAMIREZ-R,188,210,9,10
519,CLE,SBIEBER-R,-225,-240,9,10
519,OAK,MFIERS-R,-180,-200,9.5,10.5
519,DET,GSOTO-L,155,180,9.5,10.5
519,TOR,TTHORNTON-R,105,100,9,9.5
519,CWS,RLOPEZ-R,-125,-110,9,9.5
519,KAN,DDUFFY-L,140,157,9.5,8.5
519,LAA,TSKAGGS-L,-160,-167,9.5,8.5
519,MIN,KGIBSON-R,-115,110,8.5,8.5
519,SEA,YKIKUCHI-L,-105,-120,8.5,8.5
519,STL,JFLAHERTY-R,-170,-158,11,11
519,TEX,DSMYLY-L,148,148,11,11
520,WAS,PCORBIN-L,-150,-155,8,8.5
520,NYM,WFONT-R,130,145,8,8.5
520,PHI,JARRIETA-R,115,108,8,8.5
520,CUB,YDARVISH-R,-135,-118,8,8.5
520,ATL,MSOROKA-R,-160,-150,7.5,7.5
520,SFO,ASUAREZ-L,140,140,7.5,7.5
520,ARI,LWEAVER-R,115,135,7,6.5
520,SDG,CPADDACK-R,-135,-145,7,6.5
520,BOS,DPRICE-L,-210,-220,9,9
520,TOR,EJACKSON-R,176,200,9,9
520,OAK,BANDERSON-L,135,165,8,8
520,CLE,CCARRASCO-R,-155,-180,8,8
520,NYY,JHAPP-L,-180,-180,9,9
520,BAL,ACASHNER-R,155,165,9,9
520,SEA,MLEAKE-R,140,132,10.5,11
520,TEX,MMINOR-L,-160,-142,10.5,11
520,CWS,RBURR-R,218,205,10,9
520,HOU,BPEACOCK-R,-265,-230,10,9
520,MIN,JODORIZZI-R,-125,130,9.5,8.5
520,LAA,TCOLE-R,105,-140,9.5,8.5
521,PHI,ZEFLIN-R,110,115,8,7.5
521,CUB,JQUINTANA-L,-130,-125,8,7.5
521,COL,GMARQUEZ-R,-110,-120,7.5,7.5
521,PIT,CARCHER-R,-110,110,7.5,7.5
521,WAS,EFEDDE-R,115,125,8,7.5
521,NYM,ZWHEELER-R,-135,-135,8,7.5
521,CIN,SGRAY-R,125,122,8.5,8.5
521,MIL,GGONZALEZ-L,-145,-132,8.5,8.5
521,ATL,JTEHERAN-R,-130,-115,7.5,8
521,SFO,SANDERSON-R,110,105,7.5,8
521,ARI,ZGREINKE-R,-120,-105,6.5,7
521,SDG,MSTRAHM-L,100,-105,6.5,7
521,OAK,CBASSITT-R,120,110,8,8.5
521,CLE,TBAUER-R,-140,-120,8,8.5
521,NYY,DGERMAN-R,-225,-260,9,9.5
521,BAL,DHESS-R,188,230,9,9.5
521,BOS,ERODRIGUEZ-L,-145,-140,9,8.5
521,TOR,MSTROMAN-R,125,130,9,8.5
521,SEA,TMILONE-L,140,110,11.5,11.5
521,TEX,LLYNN-R,-160,-120,11.5,11.5
521,CWS,DCOVEY-R,281,300,8,8.5
521,HOU,JVERLANDER-R,-350,-350,8,8.5
521,MIN,MPINEDA-R,-110,104,9.5,9
521,LAA,TCAHILL-R,-110,-114,9.5,9
521,MIA,CSMITH-L,-105,102,7.5,7.5
521,DET,STURNBULL-R,-115,-112,7.5,7.5
521,LAD,CKERSHAW-L,-135,-140,7.5,8
521,TAM,HWOOD-R,115,130,7.5,8
522,CIN,LCASTILLO-R,-103,-109,8,7.5
522,MIL,ZDAVIES-R,-117,-101,8,7.5
522,ARI,MKELLY-R,115,124,8.5,8
522,SDG,ELAUER-L,-135,-134,8.5,8
522,COL,JGRAY-R,-118,-112,8.5,8.5
522,PIT,MDURAPAU-R,-102,102,8.5,8.5
522,WAS,MSCHERZER-R,-108,-123,6.5,6.5
522,NYM,JDEGROM-R,-112,113,6.5,6.5
522,PHI,CIRVIN-L,132,152,10,10.5
522,CUB,CHAMELS-L,-152,-162,10,10.5
522,ATL,MFRIED-L,-137,-157,7.5,7.5
522,SFO,JSAMARDZIJA-R,117,147,7.5,7.5
522,OAK,FMONTAS-R,-117,-120,9,9.5
522,CLE,JRODRIGUEZ-R,-103,110,9,9.5
522,SEA,MGONZALES-L,-109,-122,12,12
522,TEX,JCHAVEZ-R,-111,112,12,12
522,NYY,CSABATHIA-L,-225,-250,10,10.5
522,BAL,DSTRAILY-R,188,220,10,10.5
522,BOS,RPORCELLO-R,-145,-144,9.5,9
522,TOR,ASANCHEZ-R,125,134,9.5,9
522,CWS,INOVA-R,267,310,8.5,8.5
522,HOU,GCOLE-R,-330,-360,8.5,8.5
522,KAN,BKELLER-R,155,165,9,9.5
522,STL,MWACHA-R,-180,-180,9,9.5
522,MIA,JURENA-R,-102,105,8.5,9
522,DET,DNORRIS-L,-118,-115,8.5,9
522,LAD,RHILL-L,-145,-123,8.5,8
522,TAM,RSTANEK-R,125,113,8.5,8
522,KAN,HBAILEY-R,166,180,9.5,9.5
522,STL,AWAINWRIGHT-R,-195,-200,9.5,9.5
523,WAS,SSTRASBURG-R,-130,-163,7.5,7.5
523,NYM,SMATZ-L,110,153,7.5,7.5
523,COL,ASENZATELA-R,115,122,8.5,9
523,PIT,JLYLES-R,-135,-132,8.5,9
523,PHI,ANOLA-R,110,-125,9,9.5
523,CUB,JLESTER-L,-130,115,9,9.5
523,ATL,KGAUSMAN-R,-115,-114,7.5,7.5
523,SFO,MBUMGARNER-L,-105,104,7.5,7.5
523,NYY,MTANAKA-R,-210,-200,9,9
523,BAL,DBUNDY-R,176,180,9,9
523,BOS,RWEBER-R,-165,-132,10,10
523,TOR,CRICHARD-L,144,122,10,10
523,TAM,RYARBROUGH-L,-145,-124,8,9.5
523,CLE,APLUTKO-R,125,114,8,9.5
523,CWS,LGIOLITO-R,170,170,9,9
523,HOU,CMARTIN-R,-200,-185,9,9
523,MIA,TRICHARDS-R,125,135,8.5,9
523,DET,MBOYD-L,-145,-145,8.5,9
523,MIN,MPEREZ-L,-137,-134,9.5,9
523,LAA,MHARVEY-R,117,124,9.5,9
524,CIN,ADESCLAFANI-R,148,165,8.5,8
524,CUB,KHENDRICKS-R,-170,-180,8.5,8
524,MIA,PLOPEZ-R,135,138,8.5,9
524,WAS,KMCGOWIN-R,-155,-148,8.5,9
524,LAD,WBUEHLER-R,-170,-190,8.5,9
524,PIT,MFELIZ-R,148,175,8.5,9
524,PHI,JEICKHOFF-R,-105,132,9,9.5
524,MIL,CANDERSON-R,-115,-142,9,9.5
524,ATL,MFOLTYNEWICZ-R,130,138,9,10
524,STL,MMIKOLAS-R,-150,-148,9,10
524,ARI,RRAY-L,-140,-138,7.5,6.5
524,SFO,DPOMERANZ-L,120,128,7.5,6.5
524,TAM,BSNELL-L,-135,-130,8,7.5
524,CLE,SBIEBER-R,115,120,8,7.5
524,CWS,RLOPEZ-R,184,185,9,9
524,MIN,JBERRIOS-R,-220,-205,9,9
524,BOS,CSALE-L,-140,-150,8.5,8.5
524,HOU,WMILEY-L,120,140,8.5,8.5
524,SEA,WLEBLANC-L,140,148,8.5,9.5
524,OAK,DMENGDEN-R,-160,-158,8.5,9.5
524,TEX,DSMYLY-L,151,152,9,9.5
524,LAA,GCANNING-R,-175,-162,9,9.5
524,SDG,JLUCCHESI-L,-135,-120,8.5,8.5
524,TOR,TTHORNTON-R,115,110,8.5,8.5
524,DET,GSOTO-L,234,250,7.5,8
524,NYM,NSYNDERGAARD-R,-285,-290,7.5,8
524,BAL,JMEANS-L,152,135,11.5,12
524,COL,JHOFFMAN-R,-177,-145,11.5,12
525,CIN,TMAHLE-R,140,131,10,11
525,CUB,YDARVISH-R,-160,-141,10,11
525,MIA,SALCANTARA-R,180,205,8,9
525,WAS,PCORBIN-L,-215,-230,8,9
525,ARI,TCLARKE-R,-115,105,8,8
525,SFO,ASUAREZ-L,-105,-115,8,8
525,PHI,JARRIETA-R,115,123,9,10
525,MIL,JCHACIN-R,-135,-133,9,10
525,ATL,MSOROKA-R,-120,-118,8.5,9.5
525,STL,DHUDSON-R,100,108,8.5,9.5
525,LAD,HRYU-L,-165,-185,8,8
525,PIT,JMUSGROVE-R,144,170,8,8
525,CWS,MBANUELOS-L,192,195,10,10.5
525,MIN,KGIBSON-R,-230,-215,10,10.5
525,NYY,JHAPP-L,-135,-132,9,9.5
525,KAN,JJUNIS-R,115,122,9,9.5
525,SEA,YKIKUCHI-L,115,109,8.5,9.5
525,OAK,MFIERS-R,-135,-119,8.5,9.5
525,TAM,CMORTON-R,-105,110,8,8.5
525,CLE,CCARRASCO-R,-115,-120,8,8.5
525,BOS,DPRICE-L,115,120,8.5,8.5
525,HOU,BPEACOCK-R,-135,-130,8.5,8.5
525,TEX,MMINOR-L,-110,-105,8.5,8.5
525,LAA,TSKAGGS-L,-110,-105,8.5,8.5
525,SDG,CQUANTRILL-R,-110,-109,9.5,10
525,TOR,EJACKSON-R,-110,-101,9.5,10
525,DET,RCARPENTER-L,160,165,9,9
525,NYM,JVARGAS-L,-185,-180,9,9
525,BAL,ACASHNER-R,166,158,11,12
525,COL,KFREELAND-L,-195,-168,11,12
525,NYY,CGREEN-R,-155,-155,10,9.5
525,KAN,JLOPEZ-R,135,145,10,9.5
526,MIA,CSMITH-L,120,120,9,8.5
526,WAS,EFEDDE-R,-140,-130,9,8.5
526,LAD,KMAEDA-R,-165,-159,8.5,9
526,PIT,CARCHER-R,144,149,8.5,9
526,PHI,ZEFLIN-R,125,145,9,9
526,MIL,BWOODRUFF-R,-145,-155,9,9
526,CIN,TROARK-R,140,150,8,7.5
526,CUB,JQUINTANA-L,-160,-160,8,7.5
526,ARI,LWEAVER-R,-119,-105,7.5,7
526,SFO,SANDERSON-R,-101,-105,7.5,7
526,ATL,JTEHERAN-R,105,128,8.5,9
526,STL,JFLAHERTY-R,-125,-138,8.5,9
526,TAM,RSTANEK-R,105,-104,8.5,8.5
526,CLE,TBAUER-R,-125,-106,8.5,8.5
526,CWS,DCOVEY-R,203,220,9.5,10
526,MIN,JODORIZZI-R,-245,-250,9.5,10
526,BOS,ERODRIGUEZ-L,163,150,8.5,8
526,HOU,JVERLANDER-R,-190,-160,8.5,8
526,NYY,DGERMAN-R,-150,-160,9,9.5
526,KAN,DDUFFY-L,130,150,9,9.5
526,TEX,AJURADO-R,120,150,9,9
526,LAA,AHEANEY-L,-140,-160,9,9
526,SEA,MLEAKE-R,144,125,9,9.5
526,OAK,BANDERSON-L,-165,-135,9,9.5
526,SDG,RERLIN-L,-130,105,8,8.5
526,TOR,MSTROMAN-R,110,-115,8,8.5
526,DET,STURNBULL-R,160,155,8,7.5
526,NYM,ZWHEELER-R,-185,-165,8,7.5
526,BAL,DHESS-R,226,290,11.5,12
526,COL,GMARQUEZ-R,-275,-340,11.5,12
527,MIA,JURENA-R,207,270,7.5,8
527,WAS,MSCHERZER-R,-250,-310,7.5,8
527,PIT,NKINGHAM-R,192,185,9,9.5
527,CIN,LCASTILLO-R,-230,-205,9,9.5
527,ARI,ZGREINKE-R,-115,-107,10,10
527,COL,JGRAY-R,-105,-106,10,10
527,NYM,JDEGROM-R,144,170,7,6.5
527,LAD,CKERSHAW-L,-165,-185,7,6.5
527,DET,DNORRIS-L,-120,-104,9.5,9.5
527,BAL,GYNOA-R,100,-106,9.5,9.5
527,TOR,ASANCHEZ-R,160,165,8.5,8
527,TAM,YCHIRINOS-R,-185,-180,8.5,8
527,KAN,HBAILEY-R,-105,104,9.5,9.5
527,CWS,INOVA-R,-115,-114,9.5,9.5
527,CLE,JRODRIGUEZ-R,160,165,9.5,10.5
527,BOS,RPORCELLO-R,-185,-180,9.5,10.5
527,LAA,TCAHILL-R,148,140,9.5,9
527,OAK,CBASSITT-R,-170,-150,9.5,9
527,TEX,LLYNN-R,-115,113,9,9.5
527,SEA,TMILONE-L,-105,-123,9,9.5
527,SDG,MSTRAHM-L,123,115,10,10
527,NYY,CGREEN-R,-143,-125,10,10
527,CUB,CHAMELS-L,140,162,8.5,8
527,HOU,GCOLE-R,-160,-174,8.5,8
527,MIL,GGONZALEZ-L,105,-120,10,9.5
527,MIN,MPINEDA-R,-125,110,10,9.5
527,PIT,MKELLER-R,120,155,9,9
527,CIN,SGRAY-R,-140,-165,9,9
528,PIT,JLYLES-R,110,-108,9.5,10
528,CIN,LSIMS-R,-130,-102,9.5,10
528,STL,AWAINWRIGHT-R,-105,105,9.5,10.5
528,PHI,NPIVETTA-R,-115,-115,9.5,10.5
528,SFO,JSAMARDZIJA-R,-120,-103,8,7.5
528,MIA,TRICHARDS-R,100,-107,8,7.5
528,WAS,SSTRASBURG-R,-105,110,8.5,9
528,ATL,MFRIED-L,-115,-120,8.5,9
528,ARI,MKELLY-R,105,128,12.5,11.5
528,COL,ASENZATELA-R,-125,-138,12.5,11.5
528,NYM,SMATZ-L,172,180,8,8
528,LAD,RHILL-L,-205,-200,8,8
528,DET,MBOYD-L,-101,-112,9,9
528,BAL,DBUNDY-R,-119,102,9,9
528,CLE,ZPLESAC-R,170,180,9.5,9
528,BOS,DPRICE-L,-200,-200,9.5,9
528,TOR,CRICHARD-L,163,178,8.5,8.5
528,TAM,RSTANEK-R,-190,-196,8.5,8.5
528,KAN,BKELLER-R,135,149,8.5,8.5
528,CWS,LGIOLITO-R,-155,-159,8.5,8.5
528,LAA,CBEDROSIAN-R,151,165,8.5,9
528,OAK,FMONTAS-R,-175,-180,8.5,9
528,TEX,JCHAVEZ-R,115,145,9.5,9.5
528,SEA,MGONZALES-L,-135,-155,9.5,9.5
528,SDG,ELAUER-L,151,175,9,9.5
528,NYY,MTANAKA-R,-175,-190,9,9.5
528,CUB,JLESTER-L,115,122,9.5,9
528,HOU,CMARTIN-R,-135,-132,9.5,9
528,MIL,ZDAVIES-R,110,-115,9.5,10
528,MIN,DSMELTZER-L,-130,105,9.5,10
529,PIT,SBRAULT-L,140,135,10,10
529,CIN,ADESCLAFANI-R,-160,-145,10,10
529,STL,GCABRERA-L,155,165,9.5,10
529,PHI,ANOLA-R,-180,-180,9.5,10
529,SFO,MBUMGARNER-L,-122,-120,7,7
529,MIA,PLOPEZ-R,102,110,7,7
529,WAS,ASANCHEZ-R,125,154,10,10.5
529,ATL,KGAUSMAN-R,-145,-164,10,10.5
529,ARI,RRAY-L,-129,-115,11.5,11
529,COL,JHOFFMAN-R,109,105,11.5,11
529,NYM,NSYNDERGAARD-R,144,165,7.5,7.5
529,LAD,WBUEHLER-R,-165,-180,7.5,7.5
529,LAA,GCANNING-R,-102,124,9.5,9
529,OAK,LHENDRIKS-R,-118,-134,9.5,9
529,TEX,JLECLERC-R,101,125,10,9.5
529,SEA,WLEBLANC-L,-121,-135,10,9.5
529,DET,RCARPENTER-L,127,118,9.5,9.5
529,BAL,JMEANS-L,-147,-128,9.5,9.5
529,CLE,SBIEBER-R,112,-101,9.5,9
529,BOS,RWEBER-R,-132,-109,9.5,9
529,TOR,TTHORNTON-R,192,210,7.5,7
529,TAM,BSNELL-L,-230,-240,7.5,7
529,KAN,GSPARKMAN-R,110,110,9.5,9
529,CWS,RLOPEZ-R,-130,-120,9.5,9
529,SDG,CPADDACK-R,120,125,8.5,7.5
529,NYY,JPAXTON-L,-140,-135,8.5,7.5
529,CUB,KHENDRICKS-R,111,-105,9,9
529,HOU,WMILEY-L,-131,-105,9,9
530,STL,DHUDSON-R,105,-107,9.5,10.5
530,PHI,JEICKHOFF-R,-125,-103,9.5,10.5
530,SFO,TBEEDE-R,-104,-105,7.5,7.5
530,MIA,SALCANTARA-R,-106,-105,7.5,7.5
530,ARI,TCLARKE-R,120,110,11.5,12
530,COL,KFREELAND-L,-140,-120,11.5,12
530,MIL,CANDERSON-R,-119,-120,8.5,9
530,PIT,JMUSGROVE-R,-101,110,8.5,9
530,NYM,JVARGAS-L,195,220,7.5,8.5
530,LAD,HRYU-L,-235,-250,7.5,8.5
530,MIN,MPEREZ-L,115,143,8,8
530,TAM,CMORTON-R,-135,-153,8,8
530,KAN,JJUNIS-R,151,158,10.5,10
530,TEX,MMINOR-L,-175,-168,10.5,10
530,CLE,CCARRASCO-R,-185,-190,9,8.5
530,CWS,MBANUELOS-L,160,175,9,8.5
530,LAA,LGARCIA-R,100,124,8.5,9
530,SEA,YKIKUCHI-L,-120,-134,8.5,9
531,MIL,JCHACIN-R,-130,-133,9,9.5
531,PIT,CARCHER-R,110,123,9,9.5
531,WAS,PCORBIN-L,-130,-125,9,9
531,CIN,TMAHLE-R,110,115,9,9
531,CUB,YDARVISH-R,115,117,9,9
531,STL,MMIKOLAS-R,-135,-127,9,9
531,NYM,ZWHEELER-R,-122,-115,9.5,9
531,ARI,JDUPLANTIER-R,112,105,9.5,9
531,PHI,JARRIETA-R,140,141,8.5,9
531,LAD,KMAEDA-R,-160,-151,8.5,9
531,MIA,CSMITH-L,140,155,7,7
531,SDG,JLUCCHESI-L,-160,-165,7,7
531,BOS,CSALE-L,105,-142,9.5,9
531,NYY,JHAPP-L,-125,132,9.5,9
531,MIN,JBERRIOS-R,-107,115,8,8
531,TAM,RSTANEK-R,-113,-125,8,8
531,KAN,DDUFFY-L,115,-102,10.5,10.5
531,TEX,AJURADO-R,-135,-108,10.5,10.5
531,CLE,TBAUER-R,-170,-160,9,10
531,CWS,DCOVEY-R,148,150,9,10
531,HOU,BPEACOCK-R,-119,-122,8.5,8.5
531,OAK,MFIERS-R,-101,112,8.5,8.5
531,LAA,TSKAGGS-L,-120,-125,9,9.5
531,SEA,MLEAKE-R,110,115,9,9.5
531,SFO,DPOMERANZ-L,-105,-108,9,9
531,BAL,ACASHNER-R,-115,-102,9,9
531,DET,STURNBULL-R,148,175,9,9.5
531,ATL,MFOLTYNEWICZ-R,-170,-190,9,9.5
531,TOR,EJACKSON-R,226,255,11.5,12
531,COL,GMARQUEZ-R,-275,-295,11.5,12
601,MIL,BWOODRUFF-R,-190,-200,9,9.5
601,PIT,NKINGHAM-R,163,180,9,9.5
601,WAS,EFEDDE-R,115,115,9.5,10.5
601,CIN,TROARK-R,-135,-125,9.5,10.5
601,CUB,JQUINTANA-L,105,143,8.5,9
601,STL,JFLAHERTY-R,-125,-153,8.5,9
601,MIA,JURENA-R,123,142,7.5,8
601,SDG,NMARGEVICIUS-L,-143,-152,7.5,8
601,PHI,JALVAREZ-L,170,178,7.5,8.5
601,LAD,CKERSHAW-L,-200,-196,7.5,8.5
601,NYM,JDEGROM-R,100,102,7.5,7.5
601,ARI,ZGREINKE-R,-120,-112,7.5,7.5
601,MIN,KGIBSON-R,107,104,8.5,8
601,TAM,YCHIRINOS-R,-127,-114,8.5,8
601,CLE,JRODRIGUEZ-R,-115,-105,9.5,10.5
601,CWS,INOVA-R,-105,-105,9.5,10.5
601,KAN,HBAILEY-R,144,161,10.5,10.5
601,TEX,LLYNN-R,-165,-172,10.5,10.5
601,LAA,AHEANEY-L,-120,-120,9.5,9
601,SEA,TMILONE-L,100,110,9.5,9
601,BOS,RPORCELLO-R,-102,116,9.5,9.5
601,NYY,DGERMAN-R,-118,-126,9.5,9.5
601,HOU,JVERLANDER-R,-160,-147,7.5,7.5
601,OAK,BANDERSON-L,140,137,7.5,7.5
601,SFO,SANDERSON-R,-135,-136,9.5,10.5
601,BAL,DHESS-R,115,126,9.5,10.5
601,DET,DNORRIS-L,192,245,9,9.5
601,ATL,MSOROKA-R,-230,-280,9,9.5
601,TOR,MSTROMAN-R,135,140,11,10.5
601,COL,JGRAY-R,-155,-150,11,10.5
602,WAS,MSCHERZER-R,-130,-130,8.5,8.5
602,CIN,SGRAY-R,110,120,8.5,8.5
602,MIL,ZDAVIES-R,-127,-112,9.5,9
602,PIT,JLYLES-R,107,102,9.5,9
602,CUB,CHAMELS-L,-110,-105,9,9.5
602,STL,AWAINWRIGHT-R,-110,-105,9,9.5
602,NYM,SMATZ-L,-105,-102,9,9.5
602,ARI,MKELLY-R,-115,-108,9,9.5
602,PHI,NPIVETTA-R,160,163,8.5,9
602,LAD,RHILL-L,-185,-176,8.5,9
602,MIA,TRICHARDS-R,151,165,8,8
602,SDG,MSTRAHM-L,-175,-180,8,8
602,MIN,JODORIZZI-R,-113,111,8.5,8.5
602,TAM,RYARBROUGH-L,-107,-121,8.5,8.5
602,CLE,ZPLESAC-R,120,103,8.5,8
602,CWS,LGIOLITO-R,-140,-113,8.5,8
602,KAN,BKELLER-R,115,110,11,11
602,TEX,ASAMPSON-R,-135,-120,11,11
602,HOU,GCOLE-R,-130,-132,8,7.5
602,OAK,CBASSITT-R,110,122,8,7.5
602,LAA,JSUAREZ-L,-110,110,9.5,10
602,SEA,MGONZALES-L,-110,-120,9.5,10
602,BOS,DPRICE-L,-135,-120,9.5,10
602,NYY,CSABATHIA-L,115,110,9.5,10
602,SFO,JSAMARDZIJA-R,-120,-108,9.5,10
602,BAL,GYNOA-R,100,-102,9.5,10
602,DET,MBOYD-L,155,162,8.5,9
602,ATL,JTEHERAN-R,-180,-174,8.5,9
602,TOR,ASANCHEZ-R,144,132,11.5,12.5
602,COL,ASENZATELA-R,-165,-142,11.5,12.5
603,LAD,WBUEHLER-R,-145,-130,8.5,8.5
603,ARI,RRAY-L,125,120,8.5,8.5
603,PHI,ANOLA-R,-120,-133,7.5,7.5
603,SDG,ELAUER-L,100,123,7.5,7.5
603,HOU,CMARTIN-R,-135,-122,9.5,9.5
603,SEA,CGEARRIN-R,115,112,9.5,9.5
603,LAA,CBEDROSIAN-R,140,160,9,9
603,CUB,JLESTER-L,-160,-170,9,9
604,ATL,MFRIED-L,-135,-200,9,9
604,PIT,SBRAULT-L,115,180,9,9
604,SFO,MBUMGARNER-L,125,137,7.5,7
604,NYM,NSYNDERGAARD-R,-145,-147,7.5,7
604,MIA,PLOPEZ-R,160,176,9,9
604,MIL,CANDERSON-R,-185,-192,9,9
604,COL,JHOFFMAN-R,163,190,10,10.5
604,CUB,KHENDRICKS-R,-190,-210,10,10.5
604,CIN,LCASTILLO-R,-130,-102,9,8.5
604,STL,GCABRERA-L,110,-108,9,8.5
604,LAD,HRYU-L,-200,-215,9,10
604,ARI,TCLARKE-R,170,195,9,10
604,PHI,JEICKHOFF-R,130,140,7.5,7.5
604,SDG,CPADDACK-R,-150,-150,7.5,7.5
604,NYY,MTANAKA-R,-190,-190,9.5,9
604,TOR,CRICHARD-L,163,175,9.5,9
604,MIN,DSMELTZER-L,105,118,8.5,9
604,CLE,SBIEBER-R,-125,-128,8.5,9
604,TAM,BSNELL-L,-240,-265,8.5,8.5
604,DET,RCARPENTER-L,199,235,8.5,8.5
604,BAL,DBUNDY-R,120,121,10.5,10.5
604,TEX,DSMYLY-L,-140,-131,10.5,10.5
604,BOS,ERODRIGUEZ-L,-165,-200,10,10
604,KAN,GSPARKMAN-R,144,180,10,10
604,OAK,FMONTAS-R,-110,-102,8.5,8.5
604,LAA,GCANNING-R,-110,-108,8.5,8.5
604,HOU,WMILEY-L,-173,-160,10,9.5
604,SEA,AMOORE-R,150,150,10,9.5
604,CWS,RLOPEZ-R,199,220,8.5,8.5
604,WAS,SSTRASBURG-R,-240,-250,8.5,8.5
605,PHI,JARRIETA-R,-112,-114,8,8.5
605,SDG,CQUANTRILL-R,-108,104,8,8.5
605,LAD,KMAEDA-R,-165,-164,9.5,9.5
605,ARI,JDUPLANTIER-R,144,154,9.5,9.5
605,ATL,KGAUSMAN-R,-118,-128,9.5,9.5
605,PIT,JMUSGROVE-R,-102,118,9.5,9.5
605,SFO,TBEEDE-R,110,148,8.5,8.5
605,NYM,JVARGAS-L,-130,-158,8.5,8.5
605,MIA,SALCANTARA-R,188,230,9,9
605,MIL,JNELSON-R,-225,-260,9,9
605,COL,GMARQUEZ-R,100,112,8,7
605,CUB,YDARVISH-R,-120,-122,8,7
605,NYY,JPAXTON-L,-180,-190,9,8.5
605,TOR,TTHORNTON-R,155,175,9,8.5
605,MIN,MPEREZ-L,123,-118,9,9.5
605,CLE,TCLIPPARD-R,-143,108,9,9.5
605,TAM,CMORTON-R,-170,-200,8.5,8.5
605,DET,STURNBULL-R,148,180,8.5,8.5
605,BAL,JMEANS-L,155,160,10,9
605,TEX,MMINOR-L,-180,-170,10,9
605,BOS,CSALE-L,-230,-250,8.5,8.5
605,KAN,JJUNIS-R,192,220,8.5,8.5
605,OAK,JSORIA-R,105,116,9,9
605,LAA,CBEDROSIAN-R,-125,-126,9,9
605,HOU,BPEACOCK-R,-155,-156,9,8.5
605,SEA,MLEAKE-R,135,146,9,8.5
605,CWS,DCOVEY-R,148,170,10,10.5
605,WAS,ASANCHEZ-R,-170,-185,10,10.5
606,SFO,SANDERSON-R,130,155,7.5,7.5
606,NYM,ZWHEELER-R,-150,-165,7.5,7.5
606,ATL,MFOLTYNEWICZ-R,-110,-113,9,9.5
606,PIT,CARCHER-R,-110,103,9,9.5
606,CIN,ADESCLAFANI-R,125,140,9,9
606,STL,DHUDSON-R,-145,-150,9,9
606,MIA,CSMITH-L,170,164,8.5,8.5
606,MIL,FPERALTA-R,-200,-178,8.5,8.5
606,COL,PLAMBERT-R,120,175,8,8.5
606,CUB,JQUINTANA-L,-140,-190,8,8.5
606,WAS,PCORBIN-L,-110,102,7.5,7.5
606,SDG,JLUCCHESI-L,-110,-112,7.5,7.5
606,TAM,RSTANEK-R,-185,-176,9,9
606,DET,DNORRIS-L,160,163,9,9
606,BOS,RWEBER-R,-150,-134,10,10
606,KAN,DDUFFY-L,130,124,10,10
606,HOU,JVERLANDER-R,-215,-196,8,8
606,SEA,AADAMS-R,180,178,8,8
606,NYY,JHAPP-L,-210,-210,10,10.5
606,TOR,EJACKSON-R,176,190,10,10.5
606,MIN,JBERRIOS-R,-110,107,8.5,8.5
606,CLE,TBAUER-R,-110,-117,8.5,8.5
606,BAL,DHESS-R,130,162,10.5,11
606,TEX,AJURADO-R,-150,-174,10.5,11
606,OAK,MFIERS-R,-101,110,9,9.5
606,LAA,TSKAGGS-L,-119,-120,9,9.5
607,STL,MMIKOLAS-R,120,113,7,7.5
607,CUB,CHAMELS-L,-140,-123,7,7.5
607,CIN,TMAHLE-R,135,110,9.5,9
607,PHI,ZEFLIN-R,-155,-120,9.5,9
607,ATL,MSOROKA-R,-170,-185,7.5,7.5
607,MIA,JURENA-R,148,170,7.5,7.5
607,COL,ASENZATELA-R,163,185,7.5,7.5
607,NYM,JDEGROM-R,-190,-205,7.5,7.5
607,PIT,RDAVIS-R,199,205,9,9.5
607,MIL,BWOODRUFF-R,-240,-230,9,9.5
607,WAS,EFEDDE-R,-110,-110,8.5,9
607,SDG,NMARGEVICIUS-L,-110,100,8.5,9
607,LAD,CKERSHAW-L,-235,-230,7.5,7.5
607,SFO,DPOMERANZ-L,195,205,7.5,7.5
607,TAM,YCHIRINOS-R,120,104,10,10
607,BOS,RPORCELLO-R,-140,-114,10,10
607,MIN,MPINEDA-R,-150,-128,8.5,9
607,DET,MBOYD-L,130,118,8.5,9
607,NYY,DGERMAN-R,-110,-119,9,9
607,CLE,ZPLESAC-R,-110,109,9,9
607,OAK,BANDERSON-L,-105,100,10.5,10
607,TEX,LLYNN-R,-115,-110,10.5,10
607,BAL,GYNOA-R,274,310,8.5,8
607,HOU,GCOLE-R,-340,-360,8.5,8
607,CWS,INOVA-R,-105,108,10.5,10
607,KAN,HBAILEY-R,-115,-118,10.5,10
607,SEA,MGONZALES-L,135,165,9.5,9
607,LAA,AHEANEY-L,-155,-180,9.5,9
607,ARI,MKELLY-R,105,120,9,8.5
607,TOR,MSTROMAN-R,-125,-130,9,8.5
608,CIN,TROARK-R,115,121,9,9.5
608,PHI,NPIVETTA-R,-135,-131,9,9.5
608,PIT,JLYLES-R,130,160,9,9.5
608,MIL,ZDAVIES-R,-150,-170,9,9.5
608,ATL,JTEHERAN-R,-155,-140,8,8
608,MIA,TRICHARDS-R,135,130,8,8
608,STL,JFLAHERTY-R,-105,-108,7,7.5
608,CUB,JLESTER-L,-115,-102,7,7.5
608,LAD,RHILL-L,-195,-210,8,8.5
608,SFO,JSAMARDZIJA-R,166,190,8,8.5
608,COL,JGRAY-R,-110,104,8,8
608,NYM,SMATZ-L,-110,-114,8,8
608,WAS,MSCHERZER-R,-135,-185,7,7.5
608,SDG,ELAUER-L,115,170,7,7.5
608,TAM,RYARBROUGH-L,135,-120,9.5,10.5
608,BOS,JSMITH-R,-155,110,9.5,10.5
608,CWS,LGIOLITO-R,-135,-145,8.5,8.5
608,KAN,BKELLER-R,115,135,8.5,8.5
608,MIN,KGIBSON-R,-220,-240,9.5,10
608,DET,BFARMER-R,184,210,9.5,10
608,BAL,ACASHNER-R,199,210,9,8.5
608,HOU,FVALDEZ-L,-240,-240,9,8.5
608,NYY,CSABATHIA-L,-130,-128,10,10
608,CLE,APLUTKO-R,110,118,10,10
608,OAK,CBASSITT-R,-130,-140,11,10.5
608,TEX,ASAMPSON-R,110,130,11,10.5
608,SEA,YKIKUCHI-L,105,125,9.5,9.5
608,LAA,NRAMIREZ-R,-125,-135,9.5,9.5
608,ARI,ZGREINKE-R,-145,-133,8.5,8.5
608,TOR,ASANCHEZ-R,125,123,8.5,8.5
608,TAM,RSTANEK-R,115,144,9,9
608,BOS,DPRICE-L,-135,-154,9,9
608,OAK,PBLACKBURN-R,-113,-134,11,11.5
608,TEX,JPALUMBO-L,-107,124,11,11.5
609,CIN,SGRAY-R,120,128,8.5,8.5
609,PHI,ANOLA-R,-140,-138,8.5,8.5
609,ATL,MFRIED-L,-140,-135,8.5,7.5
609,MIA,PLOPEZ-R,120,125,8.5,7.5
609,COL,JHOFFMAN-R,170,148,8,8
609,NYM,NSYNDERGAARD-R,-200,-158,8,8
609,PIT,SBRAULT-L,144,177,10,9.5
609,MIL,CANDERSON-R,-165,-194,10,9.5
609,STL,AWAINWRIGHT-R,135,163,8.5,8
609,CUB,KHENDRICKS-R,-155,-176,8.5,8
609,LAD,WBUEHLER-R,-165,-157,8,7.5
609,SFO,MBUMGARNER-L,144,147,8,7.5
609,WAS,SSTRASBURG-R,-130,-153,8,8
609,SDG,LPERDOMO-R,110,143,8,8
609,TAM,BSNELL-L,-125,-129,9.5,8.5
609,BOS,ERODRIGUEZ-L,105,119,9.5,8.5
609,MIN,JODORIZZI-R,-240,-220,9,9.5
609,DET,RCARPENTER-L,199,200,9,9.5
609,NYY,CGREEN-R,110,123,10,9.5
609,CLE,SBIEBER-R,-130,-133,10,9.5
609,BAL,DBUNDY-R,172,175,9,8.5
609,HOU,WMILEY-L,-205,-190,9,8.5
609,CWS,RLOPEZ-R,110,114,10,9.5
609,KAN,GSPARKMAN-R,-130,-124,10,9.5
609,OAK,FMONTAS-R,-160,-190,11,11.5
609,TEX,DSMYLY-L,140,175,11,11.5
609,SEA,AADAMS-R,135,142,10,10.5
609,LAA,JSUAREZ-L,-155,-152,10,10.5
609,ARI,RRAY-L,-150,-145,9,9
609,TOR,CRICHARD-L,130,135,9,9
610,ARI,TCLARKE-R,120,124,9.5,9.5
610,PHI,JEICKHOFF-R,-140,-134,9.5,9.5
610,STL,MWACHA-R,-130,-126,8,8.5
610,MIA,SALCANTARA-R,110,116,8,8.5
610,PIT,JMUSGROVE-R,130,133,9.5,10
610,ATL,KGAUSMAN-R,-150,-143,9.5,10
610,CUB,YDARVISH-R,120,119,11,11.5
610,COL,GMARQUEZ-R,-140,-129,11,11.5
610,TEX,MMINOR-L,192,220,8.5,7.5
610,BOS,CSALE-L,-230,-250,8.5,7.5
610,OAK,TANDERSON-R,158,205,8.5,8.5
610,TAM,CMORTON-R,-183,-230,8.5,8.5
610,WAS,ASANCHEZ-R,-158,-145,10.5,10.5
610,CWS,ODESPAIGNE-R,138,135,10.5,10.5
610,LAD,HRYU-L,-150,-185,8.5,9
610,LAA,GCANNING-R,130,170,8.5,9
611,ARI,JDUPLANTIER-R,130,130,9,9
611,PHI,JARRIETA-R,-150,-140,9,9
611,STL,DHUDSON-R,-160,-145,8,8
611,MIA,EHERNANDEZ-R,140,135,8,8
611,PIT,CARCHER-R,120,138,9.5,10
611,ATL,MFOLTYNEWICZ-R,-140,-148,9.5,10
611,CUB,JQUINTANA-L,-110,-128,11.5,12
611,COL,PLAMBERT-R,-110,118,11.5,12
611,SDG,CPADDACK-R,-150,-145,8,7.5
611,SFO,TBEEDE-R,130,135,8,7.5
611,TOR,TTHORNTON-R,100,-116,9,8.5
611,BAL,JMEANS-L,-120,106,9,8.5
611,OAK,MFIERS-R,140,140,8.5,9
611,TAM,RSTANEK-R,-160,-150,8.5,9
611,TEX,AJURADO-R,148,160,10,10.5
611,BOS,DHERNANDEZ-L,-170,-170,10,10.5
611,SEA,MLEAKE-R,160,177,10,9.5
611,MIN,MPEREZ-L,-185,-194,10,9.5
611,DET,STURNBULL-R,110,130,9,8.5
611,KAN,JJUNIS-R,-130,-140,9,8.5
611,NYM,JVARGAS-L,155,190,9,9
611,NYY,JPAXTON-L,-180,-210,9,9
611,CIN,LCASTILLO-R,-110,116,8.5,8
611,CLE,TBAUER-R,-110,-126,8.5,8
611,MIL,FPERALTA-R,125,108,9,8.5
611,HOU,BPEACOCK-R,-145,-118,9,8.5
611,WAS,PCORBIN-L,-190,-180,9.5,9.5
611,CWS,MBANUELOS-L,163,165,9.5,9.5
611,LAD,KMAEDA-R,-160,-160,9,9.5
611,LAA,CBEDROSIAN-R,140,150,9,9.5
611,NYM,ZWHEELER-R,144,140,9,9
611,NYY,MTANAKA-R,-165,-150,9,9
612,CUB,CHAMELS-L,-127,-118,12,12
612,COL,ASENZATELA-R,107,108,12,12
612,ARI,MKELLY-R,127,130,9.5,9.5
612,PHI,ZEFLIN-R,-147,-140,9.5,9.5
612,STL,MMIKOLAS-R,-155,-180,8,8
612,MIA,JYAMAMOTO-R,135,165,8,8
612,PIT,MKELLER-R,215,179,9.5,9
612,ATL,MSOROKA-R,-260,-200,9.5,9
612,SDG,JLUCCHESI-L,-150,-130,7.5,7
612,SFO,SANDERSON-R,130,120,7.5,7
612,OAK,BANDERSON-L,133,140,9,8.5
612,TAM,YCHIRINOS-R,-153,-150,9,8.5
612,TOR,DLAW-R,-108,-116,10.5,10.5
612,BAL,DHESS-R,-112,106,10.5,10.5
612,TEX,LLYNN-R,146,145,10,9.5
612,BOS,RPORCELLO-R,-168,-155,10,9.5
612,SEA,GBAUTISTA-R,195,200,9.5,9
612,MIN,JBERRIOS-R,-235,-220,9.5,9
612,DET,DNORRIS-L,125,115,9,8.5
612,KAN,DDUFFY-L,-145,-125,9,8.5
612,CIN,ADESCLAFANI-R,110,142,9,9.5
612,CLE,ZPLESAC-R,-130,-152,9,9.5
612,MIL,BWOODRUFF-R,135,130,7.5,7.5
612,HOU,JVERLANDER-R,-155,-140,7.5,7.5
613,PIT,JMUSGROVE-R,155,137,9,9.5
613,ATL,JTEHERAN-R,-180,-147,9,9.5
613,ARI,ZGREINKE-R,-120,-119,8.5,8.5
613,WAS,EFEDDE-R,100,109,8.5,8.5
613,STL,JFLAHERTY-R,125,130,7.5,7
613,NYM,JDEGROM-R,-145,-140,7.5,7
613,SDG,MSTRAHM-L,135,138,12,11.5
613,COL,JGRAY-R,-155,-148,12,11.5
613,CUB,JLESTER-L,160,160,8,8
613,LAD,CKERSHAW-L,-185,-170,8,8
613,SEA,YKIKUCHI-L,163,158,10,10
613,MIN,MPINEDA-R,-190,-168,10,10
613,TOR,MSTROMAN-R,-130,-130,9,9
613,BAL,GYNOA-R,110,120,9,9
613,TEX,ASAMPSON-R,170,210,9,9
613,BOS,DPRICE-L,-200,-240,9,9
613,LAA,TSKAGGS-L,120,125,8.5,8.5
613,TAM,RYARBROUGH-L,-140,-135,8.5,8.5
613,DET,MBOYD-L,-115,-135,9,8.5
613,KAN,HBAILEY-R,-105,125,9,8.5
613,NYY,JHAPP-L,-175,-165,10,9.5
613,CWS,INOVA-R,151,155,10,9.5
614,ARI,RRAY-L,163,160,7.5,7
614,WAS,MSCHERZER-R,-190,-170,7.5,7
614,STL,DPONCEDELEON-R,-115,122,8.5,9
614,NYM,SMATZ-L,-105,-132,8.5,9
614,PIT,SBRAULT-L,-110,108,8,8.5
614,MIA,TRICHARDS-R,-110,-118,8,8.5
614,PHI,NPIVETTA-R,105,125,9.5,9
614,ATL,MFRIED-L,-125,-135,9.5,9
614,SDG,CQUANTRILL-R,-108,100,12.5,12.5
614,COL,JHOFFMAN-R,-112,-110,12.5,12.5
614,CUB,KHENDRICKS-R,130,142,8,7.5
614,LAD,RHILL-L,-150,-152,8,7.5
614,MIL,ZDAVIES-R,-155,-154,8,8
614,SFO,DPOMERANZ-L,135,144,8,8
614,BOS,ERODRIGUEZ-L,-190,-250,9.5,10
614,BAL,LORTIZ-R,163,220,9.5,10
614,LAA,AHEANEY-L,163,158,8,7.5
614,TAM,BSNELL-L,-190,-168,8,7.5
614,CLE,APLUTKO-R,-160,-160,9.5,9.5
614,DET,RCARPENTER-L,140,150,9.5,9.5
614,KAN,BKELLER-R,160,210,9.5,10
614,MIN,KGIBSON-R,-185,-240,9.5,10
614,NYY,CSABATHIA-L,-110,-109,9,9
614,CWS,LGIOLITO-R,-110,-101,9,9
614,TOR,ASANCHEZ-R,199,260,8.5,8
614,HOU,GCOLE-R,-240,-300,8.5,8
614,SEA,MGONZALES-L,151,170,9,9.5
614,OAK,CBASSITT-R,-175,-185,9,9.5
614,TEX,JCHAVEZ-R,138,152,10,9
614,CIN,TMAHLE-R,-158,-162,10,9
615,MIL,JNELSON-R,-105,104,8,7.5
615,SFO,MBUMGARNER-L,-115,-114,8,7.5
615,ARI,TCLARKE-R,176,195,9,9
615,WAS,SSTRASBURG-R,-210,-215,9,9
615,PIT,DAGRAZAL-R,105,106,8.5,8
615,MIA,PLOPEZ-R,-125,-116,8.5,8
615,STL,MWACHA-R,130,135,8,9
615,NYM,NSYNDERGAARD-R,-150,-145,8,9
615,PHI,ANOLA-R,105,-102,9,9.5
615,ATL,SNEWCOMB-L,-125,-108,9,9.5
615,SDG,ELAUER-L,135,155,11.5,11.5
615,COL,GMARQUEZ-R,-155,-165,11.5,11.5
615,CUB,YDARVISH-R,155,175,8,8
615,LAD,WBUEHLER-R,-180,-190,8,8
615,LAA,JSUAREZ-L,180,180,8.5,8
615,TAM,CMORTON-R,-215,-200,8.5,8
615,BOS,CSALE-L,-260,-320,8.5,9
615,BAL,DBUNDY-R,215,280,8.5,9
615,TOR,CRICHARD-L,184,205,9,9
615,HOU,FVALDEZ-L,-220,-230,9,9
615,CLE,SBIEBER-R,-260,-245,9.5,9
615,DET,GSOTO-L,215,215,9.5,9
615,KAN,GSPARKMAN-R,199,225,9.5,9
615,MIN,JODORIZZI-R,-240,-255,9.5,9
615,NYY,CGREEN-R,-150,-185,10.5,9.5
615,CWS,RLOPEZ-R,130,170,10.5,9.5
615,SEA,GBAUTISTA-R,203,200,9.5,9
615,OAK,FMONTAS-R,-245,-220,9.5,9
615,TEX,MMINOR-L,105,106,9,8.5
615,CIN,TROARK-R,-125,-116,9,8.5
616,STL,DHUDSON-R,-105,-123,8.5,9
616,NYM,JVARGAS-L,-115,113,8.5,9
616,PIT,CARCHER-R,-110,-130,8,8
616,MIA,SALCANTARA-R,-110,120,8,8
616,PHI,VVELASQUEZ-R,140,151,10.5,10.5
616,ATL,MFOLTYNEWICZ-R,-160,-161,10.5,10.5
616,ARI,ABRADLEY-R,130,137,10,9.5
616,WAS,ASANCHEZ-R,-150,-147,10,9.5
616,SDG,NMARGEVICIUS-L,135,138,12,13
616,COL,PLAMBERT-R,-155,-148,12,13
616,MIL,CANDERSON-R,-130,-155,8.5,8
616,SFO,JSAMARDZIJA-R,110,145,8.5,8
616,CUB,JQUINTANA-L,184,158,7.5,8
616,LAD,HRYU-L,-220,-168,7.5,8
616,BOS,BJOHNSON-L,-145,-152,10,10.5
616,BAL,JMEANS-L,125,142,10,10.5
616,LAA,GCANNING-R,130,127,8.5,8.5
616,TAM,RSTANEK-R,-150,-137,8.5,8.5
616,CLE,TBAUER-R,-165,-180,8.5,8
616,DET,STURNBULL-R,144,165,8.5,8
616,KAN,JJUNIS-R,160,180,10,9.5
616,MIN,MPEREZ-L,-185,-200,10,9.5
616,NYY,JPAXTON-L,-195,-230,9.5,9
616,CWS,ODESPAIGNE-R,166,205,9.5,9
616,TOR,TTHORNTON-R,192,205,8.5,9
616,HOU,BPEACOCK-R,-230,-230,8.5,9
616,SEA,MLEAKE-R,135,140,9.5,9.5
616,OAK,TANDERSON-R,-155,-150,9.5,9.5
616,TEX,AJURADO-R,130,160,9,8.5
616,CIN,SGRAY-R,-150,-170,9,8.5
617,NYM,ZWHEELER-R,151,125,8.5,9
617,ATL,MSOROKA-R,-175,-135,8.5,9
617,MIA,EHERNANDEZ-R,172,200,8.5,8
617,STL,MMIKOLAS-R,-205,-220,8.5,8
617,MIL,JCHACIN-R,100,110,8.5,8
617,SDG,JLUCCHESI-L,-120,-120,8.5,8
617,SFO,TBEEDE-R,203,220,8.5,8.5
617,LAD,KMAEDA-R,-245,-250,8.5,8.5
617,TAM,YCHIRINOS-R,120,123,9.5,9.5
617,NYY,MTANAKA-R,-140,-133,9.5,9.5
617,LAA,LGARCIA-R,-155,-158,10,11
617,TOR,DLAW-R,135,148,10,11
617,CLE,MCLEVINGER-R,-125,-120,10,9.5
617,TEX,LLYNN-R,105,110,10,9.5
617,BOS,RPORCELLO-R,120,135,10,10.5
617,MIN,JBERRIOS-R,-140,-145,10,10.5
617,BAL,ACASHNER-R,184,200,9,9
617,OAK,MFIERS-R,-220,-220,9,9
617,KAN,DDUFFY-L,-105,-102,9,8.5
617,SEA,TSCOTT-R,-115,-112,9,8.5
617,HOU,WMILEY-L,-105,107,8.5,8.5
617,CIN,LCASTILLO-R,-115,-117,8.5,8.5
618,NYM,JDEGROM-R,-105,-120,8.5,9
618,ATL,JTEHERAN-R,-115,110,8.5,9
618,MIA,JYAMAMOTO-R,163,230,8,8
618,STL,JFLAHERTY-R,-190,-260,8,8
618,COL,ASENZATELA-R,115,145,10,10
618,ARI,MKELLY-R,-135,-155,10,10
618,SFO,SANDERSON-R,222,230,7.5,7.5
618,LAD,CKERSHAW-L,-270,-260,7.5,7.5
618,MIL,BWOODRUFF-R,-150,-166,8,8
618,SDG,LALLEN-L,130,156,8,8
618,TAM,RSTANEK-R,110,137,9.5,9.5
618,NYY,JHAPP-L,-130,-147,9.5,9.5
618,LAA,TSKAGGS-L,-125,-122,9,9.5
618,TOR,MSTROMAN-R,105,112,9,9.5
618,CLE,ZPLESAC-R,-120,-114,10.5,10.5
618,TEX,ASAMPSON-R,100,104,10.5,10.5
618,BOS,DPRICE-L,-101,-123,10,9.5
618,MIN,MPINEDA-R,-119,113,10,9.5
618,BAL,GYNOA-R,199,200,9,9
618,OAK,BANDERSON-L,-240,-220,9,9
618,KAN,HBAILEY-R,100,124,9.5,9
618,SEA,YKIKUCHI-L,-120,-134,9.5,9
618,DET,DNORRIS-L,110,145,9,9
618,PIT,MKELLER-R,-130,-155,9,9
618,HOU,JVERLANDER-R,-175,-180,8,8.5
618,CIN,ADESCLAFANI-R,151,165,8,8.5
618,CWS,INOVA-R,195,195,9,8.5
618,CUB,CHAMELS-L,-235,-215,9,8.5
619,MIL,ZDAVIES-R,-120,-114,8.5,8.5
619,SDG,MSTRAHM-L,100,104,8.5,8.5
619,PHI,JARRIETA-R,151,190,8.5,8.5
619,WAS,MSCHERZER-R,-175,-210,8.5,8.5
619,NYM,SMATZ-L,135,132,9.5,10
619,ATL,MFRIED-L,-155,-142,9.5,10
619,MIA,TRICHARDS-R,155,158,8.5,8.5
619,STL,DPONCEDELEON-R,-180,-168,8.5,8.5
619,COL,JGRAY-R,120,140,8.5,8.5
619,ARI,ZGREINKE-R,-140,-150,8.5,8.5
619,SFO,DPOMERANZ-L,203,220,8.5,7.5
619,LAD,RHILL-L,-245,-250,8.5,7.5
619,TAM,BSNELL-L,-120,-125,9.5,9
619,NYY,CSABATHIA-L,100,115,9.5,9
619,BAL,JYACABONIS-R,218,260,9.5,9.5
619,OAK,CBASSITT-R,-265,-300,9.5,9.5
619,KAN,BKELLER-R,105,115,9,8.5
619,SEA,MGONZALES-L,-125,-125,9,8.5
619,LAA,AHEANEY-L,-145,-190,10,10.5
619,TOR,ASANCHEZ-R,125,175,10,10.5
619,CLE,APLUTKO-R,-115,-123,11,11
619,TEX,JPALUMBO-L,-105,113,11,11
619,BOS,ERODRIGUEZ-L,-105,103,9.5,9.5
619,MIN,KGIBSON-R,-115,-113,9.5,9.5
619,HOU,GCOLE-R,-165,-200,8.5,8
619,CIN,TMAHLE-R,144,180,8.5,8
619,DET,JZIMMERMANN-R,110,180,8.5,9
619,PIT,TWILLIAMS-R,-130,-200,8.5,9
619,CWS,LGIOLITO-R,110,128,7,7
619,CUB,JLESTER-L,-130,-138,7,7
619,PHI,ZEFLIN-R,151,140,9.5,9.5
619,WAS,PCORBIN-L,-175,-150,9.5,9.5
620,COL,JHOFFMAN-R,144,161,9.5,8.5
620,ARI,RRAY-L,-165,-172,9.5,8.5
620,PHI,NPIVETTA-R,125,-108,9.5,10.5
620,WAS,EFEDDE-R,-145,-102,9.5,10.5
620,MIA,ZGALLEN-R,140,163,8.5,8
620,STL,AWAINWRIGHT-R,-160,-176,8.5,8
620,NYM,WLOCKETT-R,120,140,8.5,9.5
620,CUB,TCHATWOOD-R,-140,-150,8.5,9.5
620,CIN,TROARK-R,125,143,9,9.5
620,MIL,JNELSON-R,-145,-153,9,9.5
620,SFO,MBUMGARNER-L,176,150,7,7.5
620,LAD,JURIAS-L,-210,-160,7,7.5
620,CLE,SBIEBER-R,-110,-117,9.5,9
620,TEX,MMINOR-L,-110,107,9.5,9
620,HOU,FVALDEZ-L,120,118,9.5,10
620,NYY,CGREEN-R,-140,-128,9.5,10
620,LAA,JSUAREZ-L,-160,-146,10,10.5
620,TOR,CRICHARD-L,140,136,10,10.5
620,MIN,JODORIZZI-R,-180,-190,9.5,9.5
620,KAN,GSPARKMAN-R,155,175,9.5,9.5
620,TAM,CMORTON-R,-110,100,8.5,7.5
620,OAK,FMONTAS-R,-110,-110,8.5,7.5
620,BAL,DBUNDY-R,110,128,9,9
620,SEA,TSCOTT-R,-130,-138,9,9
621,NYM,JVARGAS-L,130,150,8.5,9
621,CUB,YDARVISH-R,-150,-160,8.5,9
621,MIA,SALCANTARA-R,-110,-150,8,8
621,PHI,ANOLA-R,-110,140,8,8
621,ATL,DKEUCHEL-L,-135,-135,9,9.5
621,WAS,SSTRASBURG-R,115,125,9,9.5
621,SDG,ELAUER-L,170,176,9,9.5
621,PIT,JMUSGROVE-R,-200,-192,9,9.5
621,CIN,SGRAY-R,-101,-105,9,8.5
621,MIL,CANDERSON-R,-119,-105,9,8.5
621,SFO,JSAMARDZIJA-R,184,220,9.5,10
621,ARI,TCLARKE-R,-220,-250,9.5,10
621,COL,GMARQUEZ-R,130,131,7.5,7.5
621,LAD,WBUEHLER-R,-150,-141,7.5,7.5
621,HOU,BPEACOCK-R,151,150,9.5,9.5
621,NYY,JPAXTON-L,-175,-160,9.5,9.5
621,TOR,TTHORNTON-R,176,165,8.5,8.5
621,BOS,CSALE-L,-210,-180,8.5,8.5
621,DET,MBOYD-L,-125,-125,8.5,7.5
621,CLE,TBAUER-R,105,115,8.5,7.5
621,CWS,RLOPEZ-R,-170,-140,11,11.5
621,TEX,AJURADO-R,148,130,11,11.5
621,MIN,MPEREZ-L,110,115,10,10.5
621,KAN,JJUNIS-R,-130,-125,10,10.5
621,TAM,AKITTREDGE-R,-103,112,9,9
621,OAK,TANDERSON-R,-117,-122,9,9
621,BAL,SGILMARTIN-L,130,161,8.5,9
621,SEA,MLEAKE-R,-150,-172,8.5,9
621,LAA,GCANNING-R,115,133,9.5,9.5
621,STL,MWACHA-R,-135,-143,9.5,9.5
622,NYM,ZWHEELER-R,144,120,8.5,8.5
622,CUB,JQUINTANA-L,-165,-130,8.5,8.5
622,MIA,EHERNANDEZ-R,155,180,9,9
622,PHI,VVELASQUEZ-R,-188,-200,9,9
622,SDG,CPADDACK-R,-110,-111,9,9
622,PIT,CARCHER-R,-110,101,9,9
622,CIN,LCASTILLO-R,-110,110,8.5,9
622,MIL,JCHACIN-R,-110,-120,8.5,9
622,ATL,MFOLTYNEWICZ-R,115,-105,10,10.5
622,WAS,ASANCHEZ-R,-135,-105,10,10.5
622,COL,PLAMBERT-R,215,230,7.5,8.5
622,LAD,HRYU-L,-260,-260,7.5,8.5
622,SFO,TBEEDE-R,120,117,10,10
622,ARI,ZGODLEY-R,-140,-127,10,10
622,MIN,JBERRIOS-R,-185,-166,9,10
622,KAN,DDUFFY-L,160,156,9,10
622,TOR,DLAW-R,180,162,10.5,11.5
622,BOS,BJOHNSON-L,-215,-174,10.5,11.5
622,TAM,YCHIRINOS-R,-110,-105,9,9
622,OAK,MFIERS-R,-110,-105,9,9
622,BAL,ACASHNER-R,125,162,9,9
622,SEA,TMILONE-L,-145,-174,9,9
622,DET,STURNBULL-R,160,175,9,9
622,CLE,ACIVALE-R,-185,-190,9,9
622,HOU,WMILEY-L,130,154,9.5,10.5
622,NYY,MTANAKA-R,-150,-164,9.5,10.5
622,CWS,ODESPAIGNE-R,151,170,11,10.5
622,TEX,LLYNN-R,-175,-185,11,10.5
622,LAA,NRAMIREZ-R,135,126,9,9.5
622,STL,DHUDSON-R,-155,-136,9,9.5
623,MIA,JYAMAMOTO-R,130,150,9,9
623,PHI,EDELOSSANTOS-R,-150,-160,9,9
623,ATL,MSOROKA-R,-110,-150,9,10.5
623,WAS,AVOTH-R,-110,140,9,10.5
623,SDG,JLUCCHESI-L,-135,-135,9,9.5
623,PIT,SBRAULT-L,115,125,9,9.5
623,CIN,ADESCLAFANI-R,170,176,9,9
623,MIL,BWOODRUFF-R,-200,-192,9,9
623,NYM,JDEGROM-R,-101,-105,8.5,8.5
623,CUB,CHAMELS-L,-119,-105,8.5,8.5
623,COL,ASENZATELA-R,184,220,9,9
623,LAD,KMAEDA-R,-220,-250,9,9
623,SFO,SANDERSON-R,130,131,9,9
623,ARI,MKELLY-R,-150,-141,9,9
623,TOR,MSTROMAN-R,151,150,9.5,10
623,BOS,RPORCELLO-R,-175,-160,9.5,10
623,DET,DNORRIS-L,176,165,9,9.5
623,CLE,ZPLESAC-R,-210,-180,9,9.5
623,HOU,JVERLANDER-R,-125,-125,9,10
623,NYY,JHAPP-L,105,115,9,10
623,MIN,MPINEDA-R,-170,-140,10,10.5
623,KAN,HBAILEY-R,148,130,10,10.5
623,CWS,INOVA-R,110,115,11,12
623,TEX,ASAMPSON-R,-130,-125,11,12
623,TAM,RSTANEK-R,-110,112,9,9
623,OAK,BANDERSON-L,-110,-122,9,9
623,BAL,GYNOA-R,130,161,9.5,10
623,SEA,YKIKUCHI-L,-150,-172,9.5,10
623,LAA,TSKAGGS-L,115,133,9,9
623,STL,MMIKOLAS-R,-135,-143,9,9
624,NYM,SMATZ-L,110,123,9.5,10
624,PHI,ZEFLIN-R,-130,-133,9.5,10
624,ATL,JTEHERAN-R,-110,122,10.5,12
624,CUB,JLESTER-L,-110,-132,10.5,12
624,LAD,CKERSHAW-L,-135,-125,8,8.5
624,ARI,ZGREINKE-R,115,115,8,8.5
624,COL,JGRAY-R,-140,-119,8.5,7.5
624,SFO,DPOMERANZ-L,120,109,8.5,7.5
624,TOR,ASANCHEZ-R,207,220,10.5,11
624,NYY,CSABATHIA-L,-250,-250,10.5,11
624,CWS,LGIOLITO-R,130,157,9.5,9
624,BOS,ERODRIGUEZ-L,-150,-167,9.5,9
624,KAN,BKELLER-R,130,170,9,10
624,CLE,APLUTKO-R,-150,-185,9,10
625,NYM,WLOCKETT-R,135,146,10,11
625,PHI,JARRIETA-R,-155,-156,10,11
625,WAS,MSCHERZER-R,-205,-240,7.5,7
625,MIA,TRICHARDS-R,172,210,7.5,7
625,ATL,MFRIED-L,-110,-105,11.5,12.5
625,CUB,AALZOLAY-R,-110,-105,11.5,12.5
625,LAD,RSTRIPLING-R,-135,110,9,9.5
625,ARI,RRAY-L,115,-120,9,9.5
625,COL,CGONZALEZ-R,130,146,7.5,8
625,SFO,MBUMGARNER-L,-150,-156,7.5,8
625,TOR,CRICHARD-L,226,270,11.5,12.5
625,NYY,CGREEN-R,-275,-310,11.5,12.5
625,KAN,GSPARKMAN-R,176,220,9,9.5
625,CLE,SBIEBER-R,-210,-250,9,9.5
625,CWS,CFULMER-R,203,245,9.5,10.5
625,BOS,DPRICE-L,-245,-280,9.5,10.5
625,TEX,JCHAVEZ-R,-135,-150,9.5,10
625,DET,JZIMMERMANN-R,115,140,9.5,10
625,TAM,BSNELL-L,-110,-106,9,9.5
625,MIN,KGIBSON-R,-110,-104,9,9.5
625,SDG,LALLEN-L,-165,-190,9.5,11
625,BAL,JYACABONIS-R,144,175,9.5,11
625,SEA,MGONZALES-L,151,160,9.5,10.5
625,MIL,ZDAVIES-R,-175,-170,9.5,10.5
625,PIT,TWILLIAMS-R,207,245,8.5,9
625,HOU,GCOLE-R,-250,-280,8.5,9
625,OAK,CBASSITT-R,120,150,9,9
625,STL,JFLAHERTY-R,-140,-160,9,9
625,CIN,TMAHLE-R,130,130,9,9
625,LAA,AHEANEY-L,-150,-140,9,9
626,LAD,TGONSOLIN-R,-145,-150,10,10
626,ARI,TCLARKE-R,125,140,10,10
626,COL,GMARQUEZ-R,-135,-140,8,7.5
626,SFO,JSAMARDZIJA-R,115,130,8,7.5
626,NYM,JVARGAS-L,110,140,10,11
626,PHI,NPIVETTA-R,-130,-150,10,11
626,WAS,PCORBIN-L,-185,-142,8,7.5
626,MIA,ZGALLEN-R,160,132,8,7.5
626,ATL,DKEUCHEL-L,105,113,9.5,9.5
626,CUB,YDARVISH-R,-125,-123,9.5,9.5
626,CWS,RLOPEZ-R,281,320,9,9
626,BOS,CSALE-L,-350,-380,9,9
626,TOR,TTHORNTON-R,218,225,10,10
626,NYY,JPAXTON-L,-265,-255,10,10
626,KAN,JJUNIS-R,172,205,9,8.5
626,CLE,TBAUER-R,-205,-230,9,8.5
626,TEX,MMINOR-L,-135,-114,9,8.5
626,DET,MBOYD-L,115,104,9,8.5
626,TAM,CMORTON-R,-105,-113,9,9
626,MIN,JODORIZZI-R,-115,103,9,9
626,SDG,MSTRAHM-L,-150,-122,10,10
626,BAL,DBUNDY-R,130,112,10,10
626,OAK,DMENGDEN-R,125,130,10,9.5
626,STL,AWAINWRIGHT-R,-145,-140,10,9.5
626,CIN,TROARK-R,100,108,9,9.5
626,LAA,JBARRIA-R,-120,-118,9,9.5
626,PIT,DAGRAZAL-R,192,210,9.5,9.5
626,HOU,FVALDEZ-L,-230,-240,9.5,9.5
626,SEA,MCARASITI-R,170,190,10,10.5
626,MIL,AHOUSER-R,-200,-210,10,10.5
627,NYM,ZWHEELER-R,120,122,9.5,9
627,PHI,ANOLA-R,-140,-132,9.5,9
627,ATL,BWILSON-R,-105,-102,10,11
627,CUB,TCHATWOOD-R,-115,-108,10,11
627,WAS,SSTRASBURG-R,-185,-200,7.5,7.5
627,MIA,SALCANTARA-R,160,180,7.5,7.5
627,LAD,WBUEHLER-R,-175,-220,11,12.5
627,COL,PLAMBERT-R,151,200,11,12.5
627,ARI,AYOUNG-L,-110,-106,8.5,8.5
627,SFO,TBEEDE-R,-110,-104,8.5,8.5
627,TEX,AJURADO-R,-115,-117,9.5,9.5
627,DET,STURNBULL-R,-105,107,9.5,9.5
627,TAM,RSTANEK-R,-110,100,10,10
627,MIN,MPEREZ-L,-110,-110,10,10
627,OAK,TANDERSON-R,135,147,9.5,9.5
627,LAA,GCANNING-R,-155,-157,9.5,9.5
627,SEA,MLEAKE-R,144,178,10.5,10.5
627,MIL,CANDERSON-R,-165,-196,10.5,10.5
627,PIT,JMUSGROVE-R,163,185,9.5,9.5
627,HOU,BPEACOCK-R,-190,-205,9.5,9.5
628,CUB,CHAMELS-L,-115,-128,9,9
628,CIN,SGRAY-R,-105,118,9,9
628,ATL,MSOROKA-R,100,134,7.5,8
628,NYM,JDEGROM-R,-120,-144,7.5,8
628,PHI,VVELASQUEZ-R,-140,-143,8.5,8.5
628,MIA,EHERNANDEZ-R,120,133,8.5,8.5
628,PIT,CARCHER-R,135,140,10,10.5
628,MIL,JCHACIN-R,-155,-150,10,10.5
628,LAD,HRYU-L,-200,-196,11.5,13
628,COL,ASENZATELA-R,170,178,11.5,13
628,STL,MWACHA-R,-101,122,8.5,9
628,SDG,ELAUER-L,-119,-132,8.5,9
628,ARI,MKELLY-R,-115,-125,8,7.5
628,SFO,SANDERSON-R,-105,115,8,7.5
628,CLE,MCLEVINGER-R,-180,-200,9,9
628,BAL,JMEANS-L,155,180,9,9
628,KAN,DDUFFY-L,-119,118,9.5,9.5
628,TOR,SREID-FOLEY-R,-101,-128,9.5,9.5
628,TEX,LLYNN-R,130,118,8.5,8
628,TAM,YCHIRINOS-R,-150,-128,8.5,8
628,SEA,MCARASITI-R,192,200,9.5,9.5
628,HOU,WMILEY-L,-230,-220,9.5,9.5
628,MIN,JBERRIOS-R,-185,-185,10.5,10
628,CWS,RDETWILER-L,160,170,10.5,10
628,OAK,MFIERS-R,120,125,10,10
628,LAA,NRAMIREZ-R,-140,-135,10,10
628,WAS,ASANCHEZ-R,-165,-172,9.5,10.5
628,DET,DNORRIS-L,144,161,9.5,10.5
629,PHI,ZEFLIN-R,-119,-140,8,8.5
629,MIA,JYAMAMOTO-R,-101,130,8,8.5
629,ATL,JTEHERAN-R,-135,-107,9,10.5
629,NYM,SMATZ-L,115,-103,9,10.5
629,CUB,JQUINTANA-L,115,113,9.5,9.5
629,CIN,LCASTILLO-R,-135,-123,9.5,9.5
629,PIT,JLYLES-R,151,190,9.5,9
629,MIL,BWOODRUFF-R,-175,-210,9.5,9
629,LAD,CKERSHAW-L,-145,-159,11.5,12.5
629,COL,JGRAY-R,125,149,11.5,12.5
629,ARI,ZGREINKE-R,-160,-153,7.5,7
629,SFO,DPOMERANZ-L,140,143,7.5,7
629,STL,DHUDSON-R,-115,114,8,8
629,SDG,CPADDACK-R,-105,-124,8,8
629,NYY,MTANAKA-R,-130,-143,11,11.5
629,BOS,RPORCELLO-R,110,133,11,11.5
629,CLE,ZPLESAC-R,-170,-185,9.5,11
629,BAL,ACASHNER-R,148,170,9.5,11
629,KAN,HBAILEY-R,120,170,9,9
629,TOR,MSTROMAN-R,-140,-185,9,9
629,TEX,ASAMPSON-R,140,175,8.5,8
629,TAM,BMCKAY-L,-160,-190,8.5,8
629,MIN,MPINEDA-R,-165,-144,10,10.5
629,CWS,INOVA-R,144,134,10,10.5
629,SEA,YKIKUCHI-L,230,260,9,9.5
629,HOU,JVERLANDER-R,-280,-300,9,9.5
629,OAK,BANDERSON-L,125,130,9.5,9.5
629,LAA,TSKAGGS-L,-145,-140,9.5,9.5
629,WAS,AVOTH-R,-200,-200,11,11
629,DET,GSOTO-L,170,180,11,11
630,PHI,JARRIETA-R,-130,-137,8.5,8.5
630,MIA,TRICHARDS-R,110,127,8.5,8.5
630,CUB,JLESTER-L,-119,-113,10,10.5
630,CIN,ADESCLAFANI-R,-101,103,10,10.5
630,PIT,SBRAULT-L,135,148,10.5,10.5
630,MIL,ZDAVIES-R,-155,-158,10.5,10.5
630,LAD,KMAEDA-R,-190,-155,13,14
630,COL,CGONZALEZ-R,163,145,13,14
630,ARI,RRAY-L,-101,-113,8,7
630,SFO,MBUMGARNER-L,-119,103,8,7
630,STL,MMIKOLAS-R,115,110,8,8
630,SDG,JLUCCHESI-L,-135,-120,8,8
630,ATL,MFRIED-L,115,-108,9,8.5
630,NYM,NSYNDERGAARD-R,-135,-102,9,8.5
630,NYY,STARPLEY-L,-115,-103,16,15
630,BOS,ERODRIGUEZ-L,-105,-107,16,15
630,CLE,SBIEBER-R,-235,-255,10,10.5
630,BAL,GYNOA-R,195,225,10,10.5
630,KAN,BKELLER-R,-110,109,9.5,9.5
630,TOR,ASANCHEZ-R,-110,-119,9.5,9.5
630,TEX,JCHAVEZ-R,140,185,8.5,7.5
630,TAM,BSNELL-L,-160,-205,8.5,7.5
630,SEA,MGONZALES-L,226,250,9.5,8.5
630,HOU,GCOLE-R,-275,-290,9.5,8.5
630,MIN,LTHORPE-L,100,106,10,9
630,CWS,LGIOLITO-R,-120,-116,10,9
630,OAK,CBASSITT-R,110,128,9.5,10.5
630,LAA,AHEANEY-L,-130,-138,9.5,10.5
630,WAS,MSCHERZER-R,-330,-330,8.5,9
630,DET,JZIMMERMANN-R,267,285,8.5,9
